id_waste,id_transaksi,berat_sisa_gram,tarif_denda,ukuran_blok_gram,jumlah_blok,total_denda
FW0001,TRX0001,140,50000,100,2,100000
FW0002,TRX0002,0,50000,100,0,0
FW0003,TRX0003,130,50000,100,2,100000
FW0004,TRX0004,200,50000,100,2,100000
FW0005,TRX0005,0,50000,100,0,0
FW0006,TRX0006,0,50000,100,0,0
FW0007,TRX0007,310,50000,100,4,200000
FW0008,TRX0008,200,50000,100,2,100000
FW0009,TRX0009,0,50000,100,0,0
FW0010,TRX0010,230,50000,100,3,150000
FW0011,TRX0011,0,50000,100,0,0
FW0012,TRX0012,30,50000,100,1,50000
FW0013,TRX0013,160,50000,100,2,100000
FW0014,TRX0014,210,50000,100,3,150000
FW0015,TRX0015,140,50000,100,2,100000
FW0016,TRX0016,0,50000,100,0,0
FW0017,TRX0017,0,50000,100,0,0
FW0018,TRX0018,0,50000,100,0,0
FW0019,TRX0019,0,50000,100,0,0
FW0020,TRX0020,140,50000,100,2,100000
FW0021,TRX0021,0,50000,100,0,0
FW0022,TRX0022,280,50000,100,3,150000
FW0023,TRX0023,0,50000,100,0,0
FW0024,TRX0024,70,50000,100,1,50000
FW0025,TRX0025,210,50000,100,3,150000
FW0026,TRX0026,0,50000,100,0,0
FW0027,TRX0027,190,50000,100,2,100000
FW0028,TRX0028,160,50000,100,2,100000
FW0029,TRX0029,0,50000,100,0,0
FW0030,TRX0030,0,50000,100,0,0
FW0031,TRX0031,0,50000,100,0,0
FW0032,TRX0032,340,50000,100,4,200000
FW0033,TRX0033,0,50000,100,0,0
FW0034,TRX0034,70,50000,100,1,50000
FW0035,TRX0035,0,50000,100,0,0
FW0036,TRX0036,140,50000,100,2,100000
FW0037,TRX0037,0,50000,100,0,0
FW0038,TRX0038,0,50000,100,0,0
FW0039,TRX0039,0,50000,100,0,0
FW0040,TRX0040,0,50000,100,0,0
FW0041,TRX0041,0,50000,100,0,0
FW0042,TRX0042,0,50000,100,0,0
FW0043,TRX0043,0,50000,100,0,0
FW0044,TRX0044,0,50000,100,0,0
FW0045,TRX0045,0,50000,100,0,0
FW0046,TRX0046,70,50000,100,1,50000
FW0047,TRX0047,260,50000,100,3,150000
FW0048,TRX0048,70,50000,100,1,50000
FW0049,TRX0049,0,50000,100,0,0
FW0050,TRX0050,0,50000,100,0,0
FW0051,TRX0051,0,50000,100,0,0
FW0052,TRX0052,20,50000,100,1,50000
FW0053,TRX0053,110,50000,100,2,100000
FW0054,TRX0054,0,50000,100,0,0
FW0055,TRX0055,130,50000,100,2,100000
FW0056,TRX0056,0,50000,100,0,0
FW0057,TRX0057,90,50000,100,1,50000
FW0058,TRX0058,0,50000,100,0,0
FW0059,TRX0059,0,50000,100,0,0
FW0060,TRX0060,0,50000,100,0,0
FW0061,TRX0061,80,50000,100,1,50000
FW0062,TRX0062,30,50000,100,1,50000
FW0063,TRX0063,0,50000,100,0,0
FW0064,TRX0064,0,50000,100,0,0
FW0065,TRX0065,0,50000,100,0,0
FW0066,TRX0066,570,50000,100,6,300000
FW0067,TRX0067,0,50000,100,0,0
FW0068,TRX0068,110,50000,100,2,100000
FW0069,TRX0069,0,50000,100,0,0
FW0070,TRX0070,0,50000,100,0,0
FW0071,TRX0071,0,50000,100,0,0
FW0072,TRX0072,0,50000,100,0,0
FW0073,TRX0073,0,50000,100,0,0
FW0074,TRX0074,130,50000,100,2,100000
FW0075,TRX0075,0,50000,100,0,0
FW0076,TRX0076,210,50000,100,3,150000
FW0077,TRX0077,0,50000,100,0,0
FW0078,TRX0078,0,50000,100,0,0
FW0079,TRX0079,0,50000,100,0,0
FW0080,TRX0080,80,50000,100,1,50000
FW0081,TRX0081,60,50000,100,1,50000
FW0082,TRX0082,50,50000,100,1,50000
FW0083,TRX0083,0,50000,100,0,0
FW0084,TRX0084,0,50000,100,0,0
FW0085,TRX0085,0,50000,100,0,0
FW0086,TRX0086,0,50000,100,0,0
FW0087,TRX0087,0,50000,100,0,0
FW0088,TRX0088,180,50000,100,2,100000
FW0089,TRX0089,0,50000,100,0,0
FW0090,TRX0090,0,50000,100,0,0
FW0091,TRX0091,0,50000,100,0,0
FW0092,TRX0092,20,50000,100,1,50000
FW0093,TRX0093,0,50000,100,0,0
FW0094,TRX0094,220,50000,100,3,150000
FW0095,TRX0095,240,50000,100,3,150000
FW0096,TRX0096,130,50000,100,2,100000
FW0097,TRX0097,0,50000,100,0,0
FW0098,TRX0098,70,50000,100,1,50000
FW0099,TRX0099,0,50000,100,0,0
FW0100,TRX0100,0,50000,100,0,0
FW0101,TRX0101,80,50000,100,1,50000
FW0102,TRX0102,0,50000,100,0,0
FW0103,TRX0103,0,50000,100,0,0
FW0104,TRX0104,0,50000,100,0,0
FW0105,TRX0105,90,50000,100,1,50000
FW0106,TRX0106,0,50000,100,0,0
FW0107,TRX0107,0,50000,100,0,0
FW0108,TRX0108,0,50000,100,0,0
FW0109,TRX0109,0,50000,100,0,0
FW0110,TRX0110,0,50000,100,0,0
FW0111,TRX0111,0,50000,100,0,0
FW0112,TRX0112,0,50000,100,0,0
FW0113,TRX0113,0,50000,100,0,0
FW0114,TRX0114,0,50000,100,0,0
FW0115,TRX0115,260,50000,100,3,150000
FW0116,TRX0116,0,50000,100,0,0
FW0117,TRX0117,0,50000,100,0,0
FW0118,TRX0118,0,50000,100,0,0
FW0119,TRX0119,0,50000,100,0,0
FW0120,TRX0120,0,50000,100,0,0
FW0121,TRX0121,0,50000,100,0,0
FW0122,TRX0122,50,50000,100,1,50000
FW0123,TRX0123,140,50000,100,2,100000
FW0124,TRX0124,90,50000,100,1,50000
FW0125,TRX0125,60,50000,100,1,50000
FW0126,TRX0126,40,50000,100,1,50000
FW0127,TRX0127,0,50000,100,0,0
FW0128,TRX0128,0,50000,100,0,0
FW0129,TRX0129,0,50000,100,0,0
FW0130,TRX0130,160,50000,100,2,100000
FW0131,TRX0131,0,50000,100,0,0
FW0132,TRX0132,170,50000,100,2,100000
FW0133,TRX0133,0,50000,100,0,0
FW0134,TRX0134,480,50000,100,5,250000
FW0135,TRX0135,0,50000,100,0,0
FW0136,TRX0136,0,50000,100,0,0
FW0137,TRX0137,290,50000,100,3,150000
FW0138,TRX0138,0,50000,100,0,0
FW0139,TRX0139,140,50000,100,2,100000
FW0140,TRX0140,0,50000,100,0,0
FW0141,TRX0141,0,50000,100,0,0
FW0142,TRX0142,0,50000,100,0,0
FW0143,TRX0143,170,50000,100,2,100000
FW0144,TRX0144,0,50000,100,0,0
FW0145,TRX0145,160,50000,100,2,100000
FW0146,TRX0146,0,50000,100,0,0
FW0147,TRX0147,230,50000,100,3,150000
FW0148,TRX0148,150,50000,100,2,100000
FW0149,TRX0149,80,50000,100,1,50000
FW0150,TRX0150,0,50000,100,0,0
FW0151,TRX0151,0,50000,100,0,0
FW0152,TRX0152,190,50000,100,2,100000
FW0153,TRX0153,50,50000,100,1,50000
FW0154,TRX0154,0,50000,100,0,0
FW0155,TRX0155,0,50000,100,0,0
FW0156,TRX0156,50,50000,100,1,50000
FW0157,TRX0157,0,50000,100,0,0
FW0158,TRX0158,90,50000,100,1,50000
FW0159,TRX0159,180,50000,100,2,100000
FW0160,TRX0160,160,50000,100,2,100000
FW0161,TRX0161,0,50000,100,0,0
FW0162,TRX0162,0,50000,100,0,0
FW0163,TRX0163,80,50000,100,1,50000
FW0164,TRX0164,20,50000,100,1,50000
FW0165,TRX0165,0,50000,100,0,0
FW0166,TRX0166,70,50000,100,1,50000
FW0167,TRX0167,0,50000,100,0,0
FW0168,TRX0168,210,50000,100,3,150000
FW0169,TRX0169,0,50000,100,0,0
FW0170,TRX0170,0,50000,100,0,0
FW0171,TRX0171,0,50000,100,0,0
FW0172,TRX0172,0,50000,100,0,0
FW0173,TRX0173,0,50000,100,0,0
FW0174,TRX0174,140,50000,100,2,100000
FW0175,TRX0175,70,50000,100,1,50000
FW0176,TRX0176,40,50000,100,1,50000
FW0177,TRX0177,60,50000,100,1,50000
FW0178,TRX0178,160,50000,100,2,100000
FW0179,TRX0179,100,50000,100,1,50000
FW0180,TRX0180,350,50000,100,4,200000
FW0181,TRX0181,1150,50000,100,12,600000
FW0182,TRX0182,0,50000,100,0,0
FW0183,TRX0183,0,50000,100,0,0
FW0184,TRX0184,0,50000,100,0,0
FW0185,TRX0185,0,50000,100,0,0
FW0186,TRX0186,0,50000,100,0,0
FW0187,TRX0187,60,50000,100,1,50000
FW0188,TRX0188,0,50000,100,0,0
FW0189,TRX0189,230,50000,100,3,150000
FW0190,TRX0190,120,50000,100,2,100000
FW0191,TRX0191,220,50000,100,3,150000
FW0192,TRX0192,0,50000,100,0,0
FW0193,TRX0193,0,50000,100,0,0
FW0194,TRX0194,290,50000,100,3,150000
FW0195,TRX0195,0,50000,100,0,0
FW0196,TRX0196,0,50000,100,0,0
FW0197,TRX0197,330,50000,100,4,200000
FW0198,TRX0198,0,50000,100,0,0
FW0199,TRX0199,0,50000,100,0,0
FW0200,TRX0200,110,50000,100,2,100000
FW0201,TRX0201,100,50000,100,1,50000
FW0202,TRX0202,50,50000,100,1,50000
FW0203,TRX0203,0,50000,100,0,0
FW0204,TRX0204,0,50000,100,0,0
FW0205,TRX0205,130,50000,100,2,100000
FW0206,TRX0206,190,50000,100,2,100000
FW0207,TRX0207,0,50000,100,0,0
FW0208,TRX0208,0,50000,100,0,0
FW0209,TRX0209,0,50000,100,0,0
FW0210,TRX0210,0,50000,100,0,0
FW0211,TRX0211,0,50000,100,0,0
FW0212,TRX0212,520,50000,100,6,300000
FW0213,TRX0213,190,50000,100,2,100000
FW0214,TRX0214,0,50000,100,0,0
FW0215,TRX0215,0,50000,100,0,0
FW0216,TRX0216,0,50000,100,0,0
FW0217,TRX0217,0,50000,100,0,0
FW0218,TRX0218,110,50000,100,2,100000
FW0219,TRX0219,0,50000,100,0,0
FW0220,TRX0220,0,50000,100,0,0
FW0221,TRX0221,0,50000,100,0,0
FW0222,TRX0222,60,50000,100,1,50000
FW0223,TRX0223,0,50000,100,0,0
FW0224,TRX0224,210,50000,100,3,150000
FW0225,TRX0225,0,50000,100,0,0
FW0226,TRX0226,0,50000,100,0,0
FW0227,TRX0227,0,50000,100,0,0
FW0228,TRX0228,0,50000,100,0,0
FW0229,TRX0229,0,50000,100,0,0
FW0230,TRX0230,0,50000,100,0,0
FW0231,TRX0231,0,50000,100,0,0
FW0232,TRX0232,0,50000,100,0,0
FW0233,TRX0233,110,50000,100,2,100000
FW0234,TRX0234,0,50000,100,0,0
FW0235,TRX0235,30,50000,100,1,50000
FW0236,TRX0236,0,50000,100,0,0
FW0237,TRX0237,120,50000,100,2,100000
FW0238,TRX0238,0,50000,100,0,0
FW0239,TRX0239,0,50000,100,0,0
FW0240,TRX0240,750,50000,100,8,400000
FW0241,TRX0241,170,50000,100,2,100000
FW0242,TRX0242,140,50000,100,2,100000
FW0243,TRX0243,0,50000,100,0,0
FW0244,TRX0244,190,50000,100,2,100000
FW0245,TRX0245,50,50000,100,1,50000
FW0246,TRX0246,0,50000,100,0,0
FW0247,TRX0247,0,50000,100,0,0
FW0248,TRX0248,0,50000,100,0,0
FW0249,TRX0249,0,50000,100,0,0
FW0250,TRX0250,100,50000,100,1,50000
FW0251,TRX0251,120,50000,100,2,100000
FW0252,TRX0252,90,50000,100,1,50000
FW0253,TRX0253,160,50000,100,2,100000
FW0254,TRX0254,120,50000,100,2,100000
FW0255,TRX0255,360,50000,100,4,200000
FW0256,TRX0256,30,50000,100,1,50000
FW0257,TRX0257,240,50000,100,3,150000
FW0258,TRX0258,60,50000,100,1,50000
FW0259,TRX0259,30,50000,100,1,50000
FW0260,TRX0260,590,50000,100,6,300000
FW0261,TRX0261,440,50000,100,5,250000
FW0262,TRX0262,0,50000,100,0,0
FW0263,TRX0263,0,50000,100,0,0
FW0264,TRX0264,160,50000,100,2,100000
FW0265,TRX0265,180,50000,100,2,100000
FW0266,TRX0266,0,50000,100,0,0
FW0267,TRX0267,40,50000,100,1,50000
FW0268,TRX0268,190,50000,100,2,100000
FW0269,TRX0269,0,50000,100,0,0
FW0270,TRX0270,0,50000,100,0,0
FW0271,TRX0271,0,50000,100,0,0
FW0272,TRX0272,190,50000,100,2,100000
FW0273,TRX0273,60,50000,100,1,50000
FW0274,TRX0274,90,50000,100,1,50000
FW0275,TRX0275,0,50000,100,0,0
FW0276,TRX0276,60,50000,100,1,50000
FW0277,TRX0277,0,50000,100,0,0
FW0278,TRX0278,60,50000,100,1,50000
FW0279,TRX0279,0,50000,100,0,0
FW0280,TRX0280,0,50000,100,0,0
FW0281,TRX0281,60,50000,100,1,50000
FW0282,TRX0282,0,50000,100,0,0
FW0283,TRX0283,170,50000,100,2,100000
FW0284,TRX0284,0,50000,100,0,0
FW0285,TRX0285,100,50000,100,1,50000
FW0286,TRX0286,40,50000,100,1,50000
FW0287,TRX0287,0,50000,100,0,0
FW0288,TRX0288,0,50000,100,0,0
FW0289,TRX0289,0,50000,100,0,0
FW0290,TRX0290,100,50000,100,1,50000
FW0291,TRX0291,0,50000,100,0,0
FW0292,TRX0292,40,50000,100,1,50000
FW0293,TRX0293,0,50000,100,0,0
FW0294,TRX0294,0,50000,100,0,0
FW0295,TRX0295,100,50000,100,1,50000
FW0296,TRX0296,350,50000,100,4,200000
FW0297,TRX0297,0,50000,100,0,0
FW0298,TRX0298,100,50000,100,1,50000
FW0299,TRX0299,0,50000,100,0,0
FW0300,TRX0300,0,50000,100,0,0
FW0301,TRX0301,250,50000,100,3,150000
FW0302,TRX0302,0,50000,100,0,0
FW0303,TRX0303,0,50000,100,0,0
FW0304,TRX0304,0,50000,100,0,0
FW0305,TRX0305,0,50000,100,0,0
FW0306,TRX0306,140,50000,100,2,100000
FW0307,TRX0307,100,50000,100,1,50000
FW0308,TRX0308,210,50000,100,3,150000
FW0309,TRX0309,0,50000,100,0,0
FW0310,TRX0310,160,50000,100,2,100000
FW0311,TRX0311,0,50000,100,0,0
FW0312,TRX0312,0,50000,100,0,0
FW0313,TRX0313,370,50000,100,4,200000
FW0314,TRX0314,120,50000,100,2,100000
FW0315,TRX0315,0,50000,100,0,0
FW0316,TRX0316,20,50000,100,1,50000
FW0317,TRX0317,240,50000,100,3,150000
FW0318,TRX0318,80,50000,100,1,50000
FW0319,TRX0319,0,50000,100,0,0
FW0320,TRX0320,0,50000,100,0,0
FW0321,TRX0321,0,50000,100,0,0
FW0322,TRX0322,50,50000,100,1,50000
FW0323,TRX0323,110,50000,100,2,100000
FW0324,TRX0324,0,50000,100,0,0
FW0325,TRX0325,160,50000,100,2,100000
FW0326,TRX0326,150,50000,100,2,100000
FW0327,TRX0327,0,50000,100,0,0
FW0328,TRX0328,0,50000,100,0,0
FW0329,TRX0329,300,50000,100,3,150000
FW0330,TRX0330,0,50000,100,0,0
FW0331,TRX0331,0,50000,100,0,0
FW0332,TRX0332,280,50000,100,3,150000
FW0333,TRX0333,100,50000,100,1,50000
FW0334,TRX0334,30,50000,100,1,50000
FW0335,TRX0335,0,50000,100,0,0
FW0336,TRX0336,0,50000,100,0,0
FW0337,TRX0337,0,50000,100,0,0
FW0338,TRX0338,60,50000,100,1,50000
FW0339,TRX0339,60,50000,100,1,50000
FW0340,TRX0340,0,50000,100,0,0
FW0341,TRX0341,140,50000,100,2,100000
FW0342,TRX0342,140,50000,100,2,100000
FW0343,TRX0343,150,50000,100,2,100000
FW0344,TRX0344,0,50000,100,0,0
FW0345,TRX0345,0,50000,100,0,0
FW0346,TRX0346,80,50000,100,1,50000
FW0347,TRX0347,0,50000,100,0,0
FW0348,TRX0348,0,50000,100,0,0
FW0349,TRX0349,130,50000,100,2,100000
FW0350,TRX0350,0,50000,100,0,0
FW0351,TRX0351,140,50000,100,2,100000
FW0352,TRX0352,70,50000,100,1,50000
FW0353,TRX0353,0,50000,100,0,0
FW0354,TRX0354,0,50000,100,0,0
FW0355,TRX0355,0,50000,100,0,0
FW0356,TRX0356,150,50000,100,2,100000
FW0357,TRX0357,0,50000,100,0,0
FW0358,TRX0358,70,50000,100,1,50000
FW0359,TRX0359,0,50000,100,0,0
FW0360,TRX0360,0,50000,100,0,0
FW0361,TRX0361,180,50000,100,2,100000
FW0362,TRX0362,40,50000,100,1,50000
FW0363,TRX0363,120,50000,100,2,100000
FW0364,TRX0364,140,50000,100,2,100000
FW0365,TRX0365,130,50000,100,2,100000
FW0366,TRX0366,50,50000,100,1,50000
FW0367,TRX0367,0,50000,100,0,0
FW0368,TRX0368,50,50000,100,1,50000
FW0369,TRX0369,0,50000,100,0,0
FW0370,TRX0370,0,50000,100,0,0
FW0371,TRX0371,210,50000,100,3,150000
FW0372,TRX0372,270,50000,100,3,150000
FW0373,TRX0373,60,50000,100,1,50000
FW0374,TRX0374,0,50000,100,0,0
FW0375,TRX0375,100,50000,100,1,50000
FW0376,TRX0376,140,50000,100,2,100000
FW0377,TRX0377,0,50000,100,0,0
FW0378,TRX0378,0,50000,100,0,0
FW0379,TRX0379,310,50000,100,4,200000
FW0380,TRX0380,0,50000,100,0,0
FW0381,TRX0381,0,50000,100,0,0
FW0382,TRX0382,160,50000,100,2,100000
FW0383,TRX0383,0,50000,100,0,0
FW0384,TRX0384,110,50000,100,2,100000
FW0385,TRX0385,0,50000,100,0,0
FW0386,TRX0386,0,50000,100,0,0
FW0387,TRX0387,0,50000,100,0,0
FW0388,TRX0388,0,50000,100,0,0
FW0389,TRX0389,0,50000,100,0,0
FW0390,TRX0390,0,50000,100,0,0
FW0391,TRX0391,40,50000,100,1,50000
FW0392,TRX0392,0,50000,100,0,0
FW0393,TRX0393,0,50000,100,0,0
FW0394,TRX0394,0,50000,100,0,0
FW0395,TRX0395,0,50000,100,0,0
FW0396,TRX0396,120,50000,100,2,100000
FW0397,TRX0397,0,50000,100,0,0
FW0398,TRX0398,90,50000,100,1,50000
FW0399,TRX0399,0,50000,100,0,0
FW0400,TRX0400,180,50000,100,2,100000
FW0401,TRX0401,0,50000,100,0,0
FW0402,TRX0402,130,50000,100,2,100000
FW0403,TRX0403,0,50000,100,0,0
FW0404,TRX0404,0,50000,100,0,0
FW0405,TRX0405,150,50000,100,2,100000
FW0406,TRX0406,50,50000,100,1,50000
FW0407,TRX0407,0,50000,100,0,0
FW0408,TRX0408,170,50000,100,2,100000
FW0409,TRX0409,60,50000,100,1,50000
FW0410,TRX0410,0,50000,100,0,0
FW0411,TRX0411,0,50000,100,0,0
FW0412,TRX0412,0,50000,100,0,0
FW0413,TRX0413,0,50000,100,0,0
FW0414,TRX0414,0,50000,100,0,0
FW0415,TRX0415,330,50000,100,4,200000
FW0416,TRX0416,30,50000,100,1,50000
FW0417,TRX0417,0,50000,100,0,0
FW0418,TRX0418,100,50000,100,1,50000
FW0419,TRX0419,120,50000,100,2,100000
FW0420,TRX0420,0,50000,100,0,0
FW0421,TRX0421,0,50000,100,0,0
FW0422,TRX0422,0,50000,100,0,0
FW0423,TRX0423,0,50000,100,0,0
FW0424,TRX0424,0,50000,100,0,0
FW0425,TRX0425,0,50000,100,0,0
FW0426,TRX0426,0,50000,100,0,0
FW0427,TRX0427,70,50000,100,1,50000
FW0428,TRX0428,110,50000,100,2,100000
FW0429,TRX0429,0,50000,100,0,0
FW0430,TRX0430,0,50000,100,0,0
FW0431,TRX0431,0,50000,100,0,0
FW0432,TRX0432,0,50000,100,0,0
FW0433,TRX0433,0,50000,100,0,0
FW0434,TRX0434,0,50000,100,0,0
FW0435,TRX0435,0,50000,100,0,0
FW0436,TRX0436,0,50000,100,0,0
FW0437,TRX0437,0,50000,100,0,0
FW0438,TRX0438,130,50000,100,2,100000
FW0439,TRX0439,0,50000,100,0,0
FW0440,TRX0440,0,50000,100,0,0
FW0441,TRX0441,330,50000,100,4,200000
FW0442,TRX0442,0,50000,100,0,0
FW0443,TRX0443,0,50000,100,0,0
FW0444,TRX0444,0,50000,100,0,0
FW0445,TRX0445,0,50000,100,0,0
FW0446,TRX0446,0,50000,100,0,0
FW0447,TRX0447,0,50000,100,0,0
FW0448,TRX0448,0,50000,100,0,0
FW0449,TRX0449,410,50000,100,5,250000
FW0450,TRX0450,0,50000,100,0,0
FW0451,TRX0451,0,50000,100,0,0
FW0452,TRX0452,0,50000,100,0,0
FW0453,TRX0453,0,50000,100,0,0
FW0454,TRX0454,80,50000,100,1,50000
FW0455,TRX0455,50,50000,100,1,50000
FW0456,TRX0456,1180,50000,100,12,600000
FW0457,TRX0457,0,50000,100,0,0
FW0458,TRX0458,0,50000,100,0,0
FW0459,TRX0459,0,50000,100,0,0
FW0460,TRX0460,0,50000,100,0,0
FW0461,TRX0461,0,50000,100,0,0
FW0462,TRX0462,0,50000,100,0,0
FW0463,TRX0463,0,50000,100,0,0
FW0464,TRX0464,0,50000,100,0,0
FW0465,TRX0465,0,50000,100,0,0
FW0466,TRX0466,0,50000,100,0,0
FW0467,TRX0467,80,50000,100,1,50000
FW0468,TRX0468,0,50000,100,0,0
FW0469,TRX0469,0,50000,100,0,0
FW0470,TRX0470,40,50000,100,1,50000
FW0471,TRX0471,0,50000,100,0,0
FW0472,TRX0472,0,50000,100,0,0
FW0473,TRX0473,630,50000,100,7,350000
FW0474,TRX0474,0,50000,100,0,0
FW0475,TRX0475,0,50000,100,0,0
FW0476,TRX0476,110,50000,100,2,100000
FW0477,TRX0477,40,50000,100,1,50000
FW0478,TRX0478,0,50000,100,0,0
FW0479,TRX0479,0,50000,100,0,0
FW0480,TRX0480,210,50000,100,3,150000
FW0481,TRX0481,0,50000,100,0,0
FW0482,TRX0482,0,50000,100,0,0
FW0483,TRX0483,100,50000,100,1,50000
FW0484,TRX0484,0,50000,100,0,0
FW0485,TRX0485,0,50000,100,0,0
FW0486,TRX0486,0,50000,100,0,0
FW0487,TRX0487,0,50000,100,0,0
FW0488,TRX0488,0,50000,100,0,0
FW0489,TRX0489,640,50000,100,7,350000
FW0490,TRX0490,0,50000,100,0,0
FW0491,TRX0491,50,50000,100,1,50000
FW0492,TRX0492,200,50000,100,2,100000
FW0493,TRX0493,0,50000,100,0,0
FW0494,TRX0494,0,50000,100,0,0
FW0495,TRX0495,0,50000,100,0,0
FW0496,TRX0496,40,50000,100,1,50000
FW0497,TRX0497,0,50000,100,0,0
FW0498,TRX0498,230,50000,100,3,150000
FW0499,TRX0499,0,50000,100,0,0
FW0500,TRX0500,0,50000,100,0,0
FW0501,TRX0501,0,50000,100,0,0
FW0502,TRX0502,0,50000,100,0,0
FW0503,TRX0503,0,50000,100,0,0
FW0504,TRX0504,180,50000,100,2,100000
FW0505,TRX0505,40,50000,100,1,50000
FW0506,TRX0506,0,50000,100,0,0
FW0507,TRX0507,0,50000,100,0,0
FW0508,TRX0508,0,50000,100,0,0
FW0509,TRX0509,170,50000,100,2,100000
FW0510,TRX0510,0,50000,100,0,0
FW0511,TRX0511,0,50000,100,0,0
FW0512,TRX0512,0,50000,100,0,0
FW0513,TRX0513,50,50000,100,1,50000
FW0514,TRX0514,0,50000,100,0,0
FW0515,TRX0515,70,50000,100,1,50000
FW0516,TRX0516,0,50000,100,0,0
FW0517,TRX0517,160,50000,100,2,100000
FW0518,TRX0518,110,50000,100,2,100000
FW0519,TRX0519,0,50000,100,0,0
FW0520,TRX0520,0,50000,100,0,0
FW0521,TRX0521,130,50000,100,2,100000
FW0522,TRX0522,140,50000,100,2,100000
FW0523,TRX0523,210,50000,100,3,150000
FW0524,TRX0524,80,50000,100,1,50000
FW0525,TRX0525,90,50000,100,1,50000
FW0526,TRX0526,50,50000,100,1,50000
FW0527,TRX0527,270,50000,100,3,150000
FW0528,TRX0528,840,50000,100,9,450000
FW0529,TRX0529,40,50000,100,1,50000
FW0530,TRX0530,0,50000,100,0,0
FW0531,TRX0531,0,50000,100,0,0
FW0532,TRX0532,90,50000,100,1,50000
FW0533,TRX0533,0,50000,100,0,0
FW0534,TRX0534,0,50000,100,0,0
FW0535,TRX0535,510,50000,100,6,300000
FW0536,TRX0536,0,50000,100,0,0
FW0537,TRX0537,290,50000,100,3,150000
FW0538,TRX0538,0,50000,100,0,0
FW0539,TRX0539,280,50000,100,3,150000
FW0540,TRX0540,0,50000,100,0,0
FW0541,TRX0541,0,50000,100,0,0
FW0542,TRX0542,0,50000,100,0,0
FW0543,TRX0543,0,50000,100,0,0
FW0544,TRX0544,0,50000,100,0,0
FW0545,TRX0545,0,50000,100,0,0
FW0546,TRX0546,60,50000,100,1,50000
FW0547,TRX0547,50,50000,100,1,50000
FW0548,TRX0548,30,50000,100,1,50000
FW0549,TRX0549,0,50000,100,0,0
FW0550,TRX0550,150,50000,100,2,100000
FW0551,TRX0551,0,50000,100,0,0
FW0552,TRX0552,270,50000,100,3,150000
FW0553,TRX0553,0,50000,100,0,0
FW0554,TRX0554,50,50000,100,1,50000
FW0555,TRX0555,0,50000,100,0,0
FW0556,TRX0556,40,50000,100,1,50000
FW0557,TRX0557,100,50000,100,1,50000
FW0558,TRX0558,0,50000,100,0,0
FW0559,TRX0559,50,50000,100,1,50000
FW0560,TRX0560,260,50000,100,3,150000
FW0561,TRX0561,90,50000,100,1,50000
FW0562,TRX0562,80,50000,100,1,50000
FW0563,TRX0563,0,50000,100,0,0
FW0564,TRX0564,0,50000,100,0,0
FW0565,TRX0565,90,50000,100,1,50000
FW0566,TRX0566,0,50000,100,0,0
FW0567,TRX0567,0,50000,100,0,0
FW0568,TRX0568,0,50000,100,0,0
FW0569,TRX0569,0,50000,100,0,0
FW0570,TRX0570,0,50000,100,0,0
FW0571,TRX0571,0,50000,100,0,0
FW0572,TRX0572,0,50000,100,0,0
FW0573,TRX0573,0,50000,100,0,0
FW0574,TRX0574,120,50000,100,2,100000
FW0575,TRX0575,60,50000,100,1,50000
FW0576,TRX0576,0,50000,100,0,0
FW0577,TRX0577,130,50000,100,2,100000
FW0578,TRX0578,0,50000,100,0,0
FW0579,TRX0579,0,50000,100,0,0
FW0580,TRX0580,160,50000,100,2,100000
FW0581,TRX0581,200,50000,100,2,100000
FW0582,TRX0582,50,50000,100,1,50000
FW0583,TRX0583,0,50000,100,0,0
FW0584,TRX0584,0,50000,100,0,0
FW0585,TRX0585,0,50000,100,0,0
FW0586,TRX0586,0,50000,100,0,0
FW0587,TRX0587,0,50000,100,0,0
FW0588,TRX0588,90,50000,100,1,50000
FW0589,TRX0589,0,50000,100,0,0
FW0590,TRX0590,50,50000,100,1,50000
FW0591,TRX0591,0,50000,100,0,0
FW0592,TRX0592,50,50000,100,1,50000
FW0593,TRX0593,630,50000,100,7,350000
FW0594,TRX0594,0,50000,100,0,0
FW0595,TRX0595,0,50000,100,0,0
FW0596,TRX0596,0,50000,100,0,0
FW0597,TRX0597,0,50000,100,0,0
FW0598,TRX0598,0,50000,100,0,0
FW0599,TRX0599,250,50000,100,3,150000
FW0600,TRX0600,0,50000,100,0,0
FW0601,TRX0601,0,50000,100,0,0
FW0602,TRX0602,0,50000,100,0,0
FW0603,TRX0603,0,50000,100,0,0
FW0604,TRX0604,0,50000,100,0,0
FW0605,TRX0605,110,50000,100,2,100000
FW0606,TRX0606,0,50000,100,0,0
FW0607,TRX0607,0,50000,100,0,0
FW0608,TRX0608,0,50000,100,0,0
FW0609,TRX0609,0,50000,100,0,0
FW0610,TRX0610,0,50000,100,0,0
FW0611,TRX0611,110,50000,100,2,100000
FW0612,TRX0612,0,50000,100,0,0
FW0613,TRX0613,0,50000,100,0,0
FW0614,TRX0614,0,50000,100,0,0
FW0615,TRX0615,400,50000,100,4,200000
FW0616,TRX0616,0,50000,100,0,0
FW0617,TRX0617,140,50000,100,2,100000
FW0618,TRX0618,40,50000,100,1,50000
FW0619,TRX0619,70,50000,100,1,50000
FW0620,TRX0620,0,50000,100,0,0
FW0621,TRX0621,0,50000,100,0,0
FW0622,TRX0622,0,50000,100,0,0
FW0623,TRX0623,340,50000,100,4,200000
FW0624,TRX0624,370,50000,100,4,200000
FW0625,TRX0625,0,50000,100,0,0
FW0626,TRX0626,0,50000,100,0,0
FW0627,TRX0627,130,50000,100,2,100000
FW0628,TRX0628,180,50000,100,2,100000
FW0629,TRX0629,0,50000,100,0,0
FW0630,TRX0630,0,50000,100,0,0
FW0631,TRX0631,0,50000,100,0,0
FW0632,TRX0632,190,50000,100,2,100000
FW0633,TRX0633,0,50000,100,0,0
FW0634,TRX0634,60,50000,100,1,50000
FW0635,TRX0635,30,50000,100,1,50000
FW0636,TRX0636,90,50000,100,1,50000
FW0637,TRX0637,0,50000,100,0,0
FW0638,TRX0638,390,50000,100,4,200000
FW0639,TRX0639,100,50000,100,1,50000
FW0640,TRX0640,0,50000,100,0,0
FW0641,TRX0641,0,50000,100,0,0
FW0642,TRX0642,120,50000,100,2,100000
FW0643,TRX0643,190,50000,100,2,100000
FW0644,TRX0644,110,50000,100,2,100000
FW0645,TRX0645,0,50000,100,0,0
FW0646,TRX0646,80,50000,100,1,50000
FW0647,TRX0647,0,50000,100,0,0
FW0648,TRX0648,260,50000,100,3,150000
FW0649,TRX0649,0,50000,100,0,0
FW0650,TRX0650,0,50000,100,0,0
FW0651,TRX0651,0,50000,100,0,0
FW0652,TRX0652,50,50000,100,1,50000
FW0653,TRX0653,60,50000,100,1,50000
FW0654,TRX0654,110,50000,100,2,100000
FW0655,TRX0655,50,50000,100,1,50000
FW0656,TRX0656,0,50000,100,0,0
FW0657,TRX0657,0,50000,100,0,0
FW0658,TRX0658,0,50000,100,0,0
FW0659,TRX0659,0,50000,100,0,0
FW0660,TRX0660,0,50000,100,0,0
FW0661,TRX0661,0,50000,100,0,0
FW0662,TRX0662,0,50000,100,0,0
FW0663,TRX0663,50,50000,100,1,50000
FW0664,TRX0664,0,50000,100,0,0
FW0665,TRX0665,0,50000,100,0,0
FW0666,TRX0666,0,50000,100,0,0
FW0667,TRX0667,0,50000,100,0,0
FW0668,TRX0668,0,50000,100,0,0
FW0669,TRX0669,0,50000,100,0,0
FW0670,TRX0670,20,50000,100,1,50000
FW0671,TRX0671,0,50000,100,0,0
FW0672,TRX0672,70,50000,100,1,50000
FW0673,TRX0673,120,50000,100,2,100000
FW0674,TRX0674,50,50000,100,1,50000
FW0675,TRX0675,230,50000,100,3,150000
FW0676,TRX0676,0,50000,100,0,0
FW0677,TRX0677,80,50000,100,1,50000
FW0678,TRX0678,140,50000,100,2,100000
FW0679,TRX0679,0,50000,100,0,0
FW0680,TRX0680,0,50000,100,0,0
FW0681,TRX0681,0,50000,100,0,0
FW0682,TRX0682,0,50000,100,0,0
FW0683,TRX0683,60,50000,100,1,50000
FW0684,TRX0684,140,50000,100,2,100000
FW0685,TRX0685,0,50000,100,0,0
FW0686,TRX0686,0,50000,100,0,0
FW0687,TRX0687,90,50000,100,1,50000
FW0688,TRX0688,0,50000,100,0,0
FW0689,TRX0689,0,50000,100,0,0
FW0690,TRX0690,0,50000,100,0,0
FW0691,TRX0691,0,50000,100,0,0
FW0692,TRX0692,590,50000,100,6,300000
FW0693,TRX0693,0,50000,100,0,0
FW0694,TRX0694,80,50000,100,1,50000
FW0695,TRX0695,160,50000,100,2,100000
FW0696,TRX0696,150,50000,100,2,100000
FW0697,TRX0697,0,50000,100,0,0
FW0698,TRX0698,0,50000,100,0,0
FW0699,TRX0699,0,50000,100,0,0
FW0700,TRX0700,600,50000,100,6,300000
FW0701,TRX0701,0,50000,100,0,0
FW0702,TRX0702,0,50000,100,0,0
FW0703,TRX0703,100,50000,100,1,50000
FW0704,TRX0704,0,50000,100,0,0
FW0705,TRX0705,0,50000,100,0,0
FW0706,TRX0706,0,50000,100,0,0
FW0707,TRX0707,20,50000,100,1,50000
FW0708,TRX0708,20,50000,100,1,50000
FW0709,TRX0709,400,50000,100,4,200000
FW0710,TRX0710,0,50000,100,0,0
FW0711,TRX0711,120,50000,100,2,100000
FW0712,TRX0712,0,50000,100,0,0
FW0713,TRX0713,0,50000,100,0,0
FW0714,TRX0714,0,50000,100,0,0
FW0715,TRX0715,0,50000,100,0,0
FW0716,TRX0716,220,50000,100,3,150000
FW0717,TRX0717,0,50000,100,0,0
FW0718,TRX0718,50,50000,100,1,50000
FW0719,TRX0719,0,50000,100,0,0
FW0720,TRX0720,20,50000,100,1,50000
FW0721,TRX0721,0,50000,100,0,0
FW0722,TRX0722,100,50000,100,1,50000
FW0723,TRX0723,50,50000,100,1,50000
FW0724,TRX0724,40,50000,100,1,50000
FW0725,TRX0725,0,50000,100,0,0
FW0726,TRX0726,0,50000,100,0,0
FW0727,TRX0727,0,50000,100,0,0
FW0728,TRX0728,100,50000,100,1,50000
FW0729,TRX0729,120,50000,100,2,100000
FW0730,TRX0730,0,50000,100,0,0
FW0731,TRX0731,0,50000,100,0,0
FW0732,TRX0732,110,50000,100,2,100000
FW0733,TRX0733,70,50000,100,1,50000
FW0734,TRX0734,0,50000,100,0,0
FW0735,TRX0735,190,50000,100,2,100000
FW0736,TRX0736,0,50000,100,0,0
FW0737,TRX0737,0,50000,100,0,0
FW0738,TRX0738,0,50000,100,0,0
FW0739,TRX0739,120,50000,100,2,100000
FW0740,TRX0740,120,50000,100,2,100000
FW0741,TRX0741,0,50000,100,0,0
FW0742,TRX0742,0,50000,100,0,0
FW0743,TRX0743,100,50000,100,1,50000
FW0744,TRX0744,160,50000,100,2,100000
FW0745,TRX0745,0,50000,100,0,0
FW0746,TRX0746,0,50000,100,0,0
FW0747,TRX0747,0,50000,100,0,0
FW0748,TRX0748,170,50000,100,2,100000
FW0749,TRX0749,0,50000,100,0,0
FW0750,TRX0750,70,50000,100,1,50000
FW0751,TRX0751,350,50000,100,4,200000
FW0752,TRX0752,60,50000,100,1,50000
FW0753,TRX0753,300,50000,100,3,150000
FW0754,TRX0754,0,50000,100,0,0
FW0755,TRX0755,130,50000,100,2,100000
FW0756,TRX0756,120,50000,100,2,100000
FW0757,TRX0757,0,50000,100,0,0
FW0758,TRX0758,0,50000,100,0,0
FW0759,TRX0759,0,50000,100,0,0
FW0760,TRX0760,210,50000,100,3,150000
FW0761,TRX0761,0,50000,100,0,0
FW0762,TRX0762,0,50000,100,0,0
FW0763,TRX0763,0,50000,100,0,0
FW0764,TRX0764,410,50000,100,5,250000
FW0765,TRX0765,0,50000,100,0,0
FW0766,TRX0766,0,50000,100,0,0
FW0767,TRX0767,0,50000,100,0,0
FW0768,TRX0768,0,50000,100,0,0
FW0769,TRX0769,0,50000,100,0,0
FW0770,TRX0770,0,50000,100,0,0
FW0771,TRX0771,160,50000,100,2,100000
FW0772,TRX0772,140,50000,100,2,100000
FW0773,TRX0773,80,50000,100,1,50000
FW0774,TRX0774,0,50000,100,0,0
FW0775,TRX0775,0,50000,100,0,0
FW0776,TRX0776,240,50000,100,3,150000
FW0777,TRX0777,80,50000,100,1,50000
FW0778,TRX0778,0,50000,100,0,0
FW0779,TRX0779,0,50000,100,0,0
FW0780,TRX0780,0,50000,100,0,0
FW0781,TRX0781,0,50000,100,0,0
FW0782,TRX0782,0,50000,100,0,0
FW0783,TRX0783,0,50000,100,0,0
FW0784,TRX0784,0,50000,100,0,0
FW0785,TRX0785,60,50000,100,1,50000
FW0786,TRX0786,0,50000,100,0,0
FW0787,TRX0787,0,50000,100,0,0
FW0788,TRX0788,50,50000,100,1,50000
FW0789,TRX0789,0,50000,100,0,0
FW0790,TRX0790,110,50000,100,2,100000
FW0791,TRX0791,0,50000,100,0,0
FW0792,TRX0792,190,50000,100,2,100000
FW0793,TRX0793,380,50000,100,4,200000
FW0794,TRX0794,160,50000,100,2,100000
FW0795,TRX0795,310,50000,100,4,200000
FW0796,TRX0796,0,50000,100,0,0
FW0797,TRX0797,370,50000,100,4,200000
FW0798,TRX0798,0,50000,100,0,0
FW0799,TRX0799,50,50000,100,1,50000
FW0800,TRX0800,0,50000,100,0,0
FW0801,TRX0801,0,50000,100,0,0
FW0802,TRX0802,0,50000,100,0,0
FW0803,TRX0803,0,50000,100,0,0
FW0804,TRX0804,0,50000,100,0,0
FW0805,TRX0805,60,50000,100,1,50000
FW0806,TRX0806,0,50000,100,0,0
FW0807,TRX0807,0,50000,100,0,0
FW0808,TRX0808,170,50000,100,2,100000
FW0809,TRX0809,0,50000,100,0,0
FW0810,TRX0810,230,50000,100,3,150000
FW0811,TRX0811,110,50000,100,2,100000
FW0812,TRX0812,170,50000,100,2,100000
FW0813,TRX0813,0,50000,100,0,0
FW0814,TRX0814,0,50000,100,0,0
FW0815,TRX0815,0,50000,100,0,0
FW0816,TRX0816,0,50000,100,0,0
FW0817,TRX0817,150,50000,100,2,100000
FW0818,TRX0818,510,50000,100,6,300000
FW0819,TRX0819,160,50000,100,2,100000
FW0820,TRX0820,0,50000,100,0,0
FW0821,TRX0821,0,50000,100,0,0
FW0822,TRX0822,0,50000,100,0,0
FW0823,TRX0823,0,50000,100,0,0
FW0824,TRX0824,600,50000,100,6,300000
FW0825,TRX0825,0,50000,100,0,0
FW0826,TRX0826,200,50000,100,2,100000
FW0827,TRX0827,0,50000,100,0,0
FW0828,TRX0828,0,50000,100,0,0
FW0829,TRX0829,70,50000,100,1,50000
FW0830,TRX0830,50,50000,100,1,50000
FW0831,TRX0831,250,50000,100,3,150000
FW0832,TRX0832,0,50000,100,0,0
FW0833,TRX0833,220,50000,100,3,150000
FW0834,TRX0834,140,50000,100,2,100000
FW0835,TRX0835,0,50000,100,0,0
FW0836,TRX0836,0,50000,100,0,0
FW0837,TRX0837,0,50000,100,0,0
FW0838,TRX0838,170,50000,100,2,100000
FW0839,TRX0839,0,50000,100,0,0
FW0840,TRX0840,80,50000,100,1,50000
FW0841,TRX0841,0,50000,100,0,0
FW0842,TRX0842,0,50000,100,0,0
FW0843,TRX0843,50,50000,100,1,50000
FW0844,TRX0844,0,50000,100,0,0
FW0845,TRX0845,0,50000,100,0,0
FW0846,TRX0846,0,50000,100,0,0
FW0847,TRX0847,0,50000,100,0,0
FW0848,TRX0848,0,50000,100,0,0
FW0849,TRX0849,0,50000,100,0,0
FW0850,TRX0850,0,50000,100,0,0
FW0851,TRX0851,180,50000,100,2,100000
FW0852,TRX0852,0,50000,100,0,0
FW0853,TRX0853,0,50000,100,0,0
FW0854,TRX0854,0,50000,100,0,0
FW0855,TRX0855,0,50000,100,0,0
FW0856,TRX0856,0,50000,100,0,0
FW0857,TRX0857,510,50000,100,6,300000
FW0858,TRX0858,20,50000,100,1,50000
FW0859,TRX0859,0,50000,100,0,0
FW0860,TRX0860,0,50000,100,0,0
FW0861,TRX0861,0,50000,100,0,0
FW0862,TRX0862,70,50000,100,1,50000
FW0863,TRX0863,0,50000,100,0,0
FW0864,TRX0864,70,50000,100,1,50000
FW0865,TRX0865,0,50000,100,0,0
FW0866,TRX0866,0,50000,100,0,0
FW0867,TRX0867,0,50000,100,0,0
FW0868,TRX0868,0,50000,100,0,0
FW0869,TRX0869,0,50000,100,0,0
FW0870,TRX0870,0,50000,100,0,0
FW0871,TRX0871,0,50000,100,0,0
FW0872,TRX0872,0,50000,100,0,0
FW0873,TRX0873,150,50000,100,2,100000
FW0874,TRX0874,120,50000,100,2,100000
FW0875,TRX0875,110,50000,100,2,100000
FW0876,TRX0876,40,50000,100,1,50000
FW0877,TRX0877,0,50000,100,0,0
FW0878,TRX0878,0,50000,100,0,0
FW0879,TRX0879,0,50000,100,0,0
FW0880,TRX0880,190,50000,100,2,100000
FW0881,TRX0881,30,50000,100,1,50000
FW0882,TRX0882,0,50000,100,0,0
FW0883,TRX0883,0,50000,100,0,0
FW0884,TRX0884,40,50000,100,1,50000
FW0885,TRX0885,0,50000,100,0,0
FW0886,TRX0886,0,50000,100,0,0
FW0887,TRX0887,0,50000,100,0,0
FW0888,TRX0888,0,50000,100,0,0
FW0889,TRX0889,0,50000,100,0,0
FW0890,TRX0890,560,50000,100,6,300000
FW0891,TRX0891,0,50000,100,0,0
FW0892,TRX0892,0,50000,100,0,0
FW0893,TRX0893,0,50000,100,0,0
FW0894,TRX0894,0,50000,100,0,0
FW0895,TRX0895,40,50000,100,1,50000
FW0896,TRX0896,110,50000,100,2,100000
FW0897,TRX0897,240,50000,100,3,150000
FW0898,TRX0898,0,50000,100,0,0
FW0899,TRX0899,0,50000,100,0,0
FW0900,TRX0900,0,50000,100,0,0
FW0901,TRX0901,0,50000,100,0,0
FW0902,TRX0902,140,50000,100,2,100000
FW0903,TRX0903,0,50000,100,0,0
FW0904,TRX0904,60,50000,100,1,50000
FW0905,TRX0905,110,50000,100,2,100000
FW0906,TRX0906,0,50000,100,0,0
FW0907,TRX0907,0,50000,100,0,0
FW0908,TRX0908,0,50000,100,0,0
FW0909,TRX0909,0,50000,100,0,0
FW0910,TRX0910,0,50000,100,0,0
FW0911,TRX0911,120,50000,100,2,100000
FW0912,TRX0912,160,50000,100,2,100000
FW0913,TRX0913,0,50000,100,0,0
FW0914,TRX0914,110,50000,100,2,100000
FW0915,TRX0915,190,50000,100,2,100000
FW0916,TRX0916,0,50000,100,0,0
FW0917,TRX0917,0,50000,100,0,0
FW0918,TRX0918,0,50000,100,0,0
FW0919,TRX0919,120,50000,100,2,100000
FW0920,TRX0920,0,50000,100,0,0
FW0921,TRX0921,60,50000,100,1,50000
FW0922,TRX0922,70,50000,100,1,50000
FW0923,TRX0923,20,50000,100,1,50000
FW0924,TRX0924,0,50000,100,0,0
FW0925,TRX0925,0,50000,100,0,0
FW0926,TRX0926,0,50000,100,0,0
FW0927,TRX0927,170,50000,100,2,100000
FW0928,TRX0928,0,50000,100,0,0
FW0929,TRX0929,0,50000,100,0,0
FW0930,TRX0930,0,50000,100,0,0
FW0931,TRX0931,0,50000,100,0,0
FW0932,TRX0932,0,50000,100,0,0
FW0933,TRX0933,0,50000,100,0,0
FW0934,TRX0934,40,50000,100,1,50000
FW0935,TRX0935,0,50000,100,0,0
FW0936,TRX0936,0,50000,100,0,0
FW0937,TRX0937,0,50000,100,0,0
FW0938,TRX0938,70,50000,100,1,50000
FW0939,TRX0939,0,50000,100,0,0
FW0940,TRX0940,0,50000,100,0,0
FW0941,TRX0941,190,50000,100,2,100000
FW0942,TRX0942,50,50000,100,1,50000
FW0943,TRX0943,0,50000,100,0,0
FW0944,TRX0944,0,50000,100,0,0
FW0945,TRX0945,0,50000,100,0,0
FW0946,TRX0946,0,50000,100,0,0
FW0947,TRX0947,0,50000,100,0,0
FW0948,TRX0948,0,50000,100,0,0
FW0949,TRX0949,0,50000,100,0,0
FW0950,TRX0950,0,50000,100,0,0
FW0951,TRX0951,0,50000,100,0,0
FW0952,TRX0952,360,50000,100,4,200000
FW0953,TRX0953,130,50000,100,2,100000
FW0954,TRX0954,0,50000,100,0,0
FW0955,TRX0955,0,50000,100,0,0
FW0956,TRX0956,0,50000,100,0,0
FW0957,TRX0957,130,50000,100,2,100000
FW0958,TRX0958,0,50000,100,0,0
FW0959,TRX0959,0,50000,100,0,0
FW0960,TRX0960,40,50000,100,1,50000
FW0961,TRX0961,0,50000,100,0,0
FW0962,TRX0962,0,50000,100,0,0
FW0963,TRX0963,0,50000,100,0,0
FW0964,TRX0964,80,50000,100,1,50000
FW0965,TRX0965,90,50000,100,1,50000
FW0966,TRX0966,0,50000,100,0,0
FW0967,TRX0967,270,50000,100,3,150000
FW0968,TRX0968,0,50000,100,0,0
FW0969,TRX0969,240,50000,100,3,150000
FW0970,TRX0970,270,50000,100,3,150000
FW0971,TRX0971,120,50000,100,2,100000
FW0972,TRX0972,150,50000,100,2,100000
FW0973,TRX0973,70,50000,100,1,50000
FW0974,TRX0974,0,50000,100,0,0
FW0975,TRX0975,0,50000,100,0,0
FW0976,TRX0976,90,50000,100,1,50000
FW0977,TRX0977,60,50000,100,1,50000
FW0978,TRX0978,220,50000,100,3,150000
FW0979,TRX0979,0,50000,100,0,0
FW0980,TRX0980,180,50000,100,2,100000
FW0981,TRX0981,0,50000,100,0,0
FW0982,TRX0982,0,50000,100,0,0
FW0983,TRX0983,0,50000,100,0,0
FW0984,TRX0984,0,50000,100,0,0
FW0985,TRX0985,0,50000,100,0,0
FW0986,TRX0986,0,50000,100,0,0
FW0987,TRX0987,0,50000,100,0,0
FW0988,TRX0988,0,50000,100,0,0
FW0989,TRX0989,0,50000,100,0,0
FW0990,TRX0990,90,50000,100,1,50000
FW0991,TRX0991,320,50000,100,4,200000
FW0992,TRX0992,0,50000,100,0,0
FW0993,TRX0993,0,50000,100,0,0
FW0994,TRX0994,0,50000,100,0,0
FW0995,TRX0995,180,50000,100,2,100000
FW0996,TRX0996,0,50000,100,0,0
FW0997,TRX0997,270,50000,100,3,150000
FW0998,TRX0998,290,50000,100,3,150000
FW0999,TRX0999,0,50000,100,0,0
FW1000,TRX1000,180,50000,100,2,100000
FW1001,TRX1001,0,50000,100,0,0
FW1002,TRX1002,70,50000,100,1,50000
FW1003,TRX1003,0,50000,100,0,0
FW1004,TRX1004,50,50000,100,1,50000
FW1005,TRX1005,0,50000,100,0,0
FW1006,TRX1006,120,50000,100,2,100000
FW1007,TRX1007,50,50000,100,1,50000
FW1008,TRX1008,0,50000,100,0,0
FW1009,TRX1009,0,50000,100,0,0
FW1010,TRX1010,0,50000,100,0,0
FW1011,TRX1011,120,50000,100,2,100000
FW1012,TRX1012,0,50000,100,0,0
FW1013,TRX1013,0,50000,100,0,0
FW1014,TRX1014,0,50000,100,0,0
FW1015,TRX1015,0,50000,100,0,0
FW1016,TRX1016,0,50000,100,0,0
FW1017,TRX1017,160,50000,100,2,100000
FW1018,TRX1018,0,50000,100,0,0
FW1019,TRX1019,0,50000,100,0,0
FW1020,TRX1020,0,50000,100,0,0
FW1021,TRX1021,0,50000,100,0,0
FW1022,TRX1022,0,50000,100,0,0
FW1023,TRX1023,100,50000,100,1,50000
FW1024,TRX1024,0,50000,100,0,0
FW1025,TRX1025,0,50000,100,0,0
FW1026,TRX1026,0,50000,100,0,0
FW1027,TRX1027,0,50000,100,0,0
FW1028,TRX1028,0,50000,100,0,0
FW1029,TRX1029,180,50000,100,2,100000
FW1030,TRX1030,0,50000,100,0,0
FW1031,TRX1031,60,50000,100,1,50000
FW1032,TRX1032,0,50000,100,0,0
FW1033,TRX1033,0,50000,100,0,0
FW1034,TRX1034,30,50000,100,1,50000
FW1035,TRX1035,0,50000,100,0,0
FW1036,TRX1036,170,50000,100,2,100000
FW1037,TRX1037,0,50000,100,0,0
FW1038,TRX1038,0,50000,100,0,0
FW1039,TRX1039,0,50000,100,0,0
FW1040,TRX1040,0,50000,100,0,0
FW1041,TRX1041,0,50000,100,0,0
FW1042,TRX1042,40,50000,100,1,50000
FW1043,TRX1043,0,50000,100,0,0
FW1044,TRX1044,0,50000,100,0,0
FW1045,TRX1045,0,50000,100,0,0
FW1046,TRX1046,0,50000,100,0,0
FW1047,TRX1047,0,50000,100,0,0
FW1048,TRX1048,340,50000,100,4,200000
FW1049,TRX1049,0,50000,100,0,0
FW1050,TRX1050,0,50000,100,0,0
FW1051,TRX1051,0,50000,100,0,0
FW1052,TRX1052,100,50000,100,1,50000
FW1053,TRX1053,0,50000,100,0,0
FW1054,TRX1054,0,50000,100,0,0
FW1055,TRX1055,0,50000,100,0,0
FW1056,TRX1056,20,50000,100,1,50000
FW1057,TRX1057,0,50000,100,0,0
FW1058,TRX1058,0,50000,100,0,0
FW1059,TRX1059,60,50000,100,1,50000
FW1060,TRX1060,0,50000,100,0,0
FW1061,TRX1061,110,50000,100,2,100000
FW1062,TRX1062,240,50000,100,3,150000
FW1063,TRX1063,0,50000,100,0,0
FW1064,TRX1064,190,50000,100,2,100000
FW1065,TRX1065,130,50000,100,2,100000
FW1066,TRX1066,0,50000,100,0,0
FW1067,TRX1067,0,50000,100,0,0
FW1068,TRX1068,100,50000,100,1,50000
FW1069,TRX1069,0,50000,100,0,0
FW1070,TRX1070,0,50000,100,0,0
FW1071,TRX1071,0,50000,100,0,0
FW1072,TRX1072,0,50000,100,0,0
FW1073,TRX1073,0,50000,100,0,0
FW1074,TRX1074,0,50000,100,0,0
FW1075,TRX1075,170,50000,100,2,100000
FW1076,TRX1076,0,50000,100,0,0
FW1077,TRX1077,90,50000,100,1,50000
FW1078,TRX1078,0,50000,100,0,0
FW1079,TRX1079,0,50000,100,0,0
FW1080,TRX1080,0,50000,100,0,0
FW1081,TRX1081,0,50000,100,0,0
FW1082,TRX1082,50,50000,100,1,50000
FW1083,TRX1083,0,50000,100,0,0
FW1084,TRX1084,0,50000,100,0,0
FW1085,TRX1085,0,50000,100,0,0
FW1086,TRX1086,40,50000,100,1,50000
FW1087,TRX1087,0,50000,100,0,0
FW1088,TRX1088,0,50000,100,0,0
FW1089,TRX1089,0,50000,100,0,0
FW1090,TRX1090,0,50000,100,0,0
FW1091,TRX1091,90,50000,100,1,50000
FW1092,TRX1092,0,50000,100,0,0
FW1093,TRX1093,0,50000,100,0,0
FW1094,TRX1094,80,50000,100,1,50000
FW1095,TRX1095,0,50000,100,0,0
FW1096,TRX1096,70,50000,100,1,50000
FW1097,TRX1097,150,50000,100,2,100000
FW1098,TRX1098,0,50000,100,0,0
FW1099,TRX1099,0,50000,100,0,0
FW1100,TRX1100,170,50000,100,2,100000
FW1101,TRX1101,0,50000,100,0,0
FW1102,TRX1102,120,50000,100,2,100000
FW1103,TRX1103,0,50000,100,0,0
FW1104,TRX1104,0,50000,100,0,0
FW1105,TRX1105,50,50000,100,1,50000
FW1106,TRX1106,180,50000,100,2,100000
FW1107,TRX1107,0,50000,100,0,0
FW1108,TRX1108,150,50000,100,2,100000
FW1109,TRX1109,0,50000,100,0,0
FW1110,TRX1110,0,50000,100,0,0
FW1111,TRX1111,220,50000,100,3,150000
FW1112,TRX1112,0,50000,100,0,0
FW1113,TRX1113,0,50000,100,0,0
FW1114,TRX1114,130,50000,100,2,100000
FW1115,TRX1115,790,50000,100,8,400000
FW1116,TRX1116,0,50000,100,0,0
FW1117,TRX1117,0,50000,100,0,0
FW1118,TRX1118,220,50000,100,3,150000
FW1119,TRX1119,0,50000,100,0,0
FW1120,TRX1120,190,50000,100,2,100000
FW1121,TRX1121,0,50000,100,0,0
FW1122,TRX1122,0,50000,100,0,0
FW1123,TRX1123,30,50000,100,1,50000
FW1124,TRX1124,90,50000,100,1,50000
FW1125,TRX1125,0,50000,100,0,0
FW1126,TRX1126,0,50000,100,0,0
FW1127,TRX1127,140,50000,100,2,100000
FW1128,TRX1128,70,50000,100,1,50000
FW1129,TRX1129,0,50000,100,0,0
FW1130,TRX1130,70,50000,100,1,50000
FW1131,TRX1131,50,50000,100,1,50000
FW1132,TRX1132,0,50000,100,0,0
FW1133,TRX1133,200,50000,100,2,100000
FW1134,TRX1134,30,50000,100,1,50000
FW1135,TRX1135,0,50000,100,0,0
FW1136,TRX1136,0,50000,100,0,0
FW1137,TRX1137,280,50000,100,3,150000
FW1138,TRX1138,0,50000,100,0,0
FW1139,TRX1139,190,50000,100,2,100000
FW1140,TRX1140,0,50000,100,0,0
FW1141,TRX1141,150,50000,100,2,100000
FW1142,TRX1142,0,50000,100,0,0
FW1143,TRX1143,0,50000,100,0,0
FW1144,TRX1144,60,50000,100,1,50000
FW1145,TRX1145,0,50000,100,0,0
FW1146,TRX1146,260,50000,100,3,150000
FW1147,TRX1147,250,50000,100,3,150000
FW1148,TRX1148,0,50000,100,0,0
FW1149,TRX1149,150,50000,100,2,100000
FW1150,TRX1150,0,50000,100,0,0
FW1151,TRX1151,0,50000,100,0,0
FW1152,TRX1152,0,50000,100,0,0
FW1153,TRX1153,70,50000,100,1,50000
FW1154,TRX1154,40,50000,100,1,50000
FW1155,TRX1155,0,50000,100,0,0
FW1156,TRX1156,0,50000,100,0,0
FW1157,TRX1157,160,50000,100,2,100000
FW1158,TRX1158,160,50000,100,2,100000
FW1159,TRX1159,0,50000,100,0,0
FW1160,TRX1160,80,50000,100,1,50000
FW1161,TRX1161,40,50000,100,1,50000
FW1162,TRX1162,0,50000,100,0,0
FW1163,TRX1163,80,50000,100,1,50000
FW1164,TRX1164,0,50000,100,0,0
FW1165,TRX1165,0,50000,100,0,0
FW1166,TRX1166,0,50000,100,0,0
FW1167,TRX1167,0,50000,100,0,0
FW1168,TRX1168,30,50000,100,1,50000
FW1169,TRX1169,120,50000,100,2,100000
FW1170,TRX1170,0,50000,100,0,0
FW1171,TRX1171,40,50000,100,1,50000
FW1172,TRX1172,250,50000,100,3,150000
FW1173,TRX1173,60,50000,100,1,50000
FW1174,TRX1174,260,50000,100,3,150000
FW1175,TRX1175,0,50000,100,0,0
FW1176,TRX1176,0,50000,100,0,0
FW1177,TRX1177,30,50000,100,1,50000
FW1178,TRX1178,0,50000,100,0,0
FW1179,TRX1179,0,50000,100,0,0
FW1180,TRX1180,0,50000,100,0,0
FW1181,TRX1181,0,50000,100,0,0
FW1182,TRX1182,0,50000,100,0,0
FW1183,TRX1183,200,50000,100,2,100000
FW1184,TRX1184,0,50000,100,0,0
FW1185,TRX1185,70,50000,100,1,50000
FW1186,TRX1186,90,50000,100,1,50000
FW1187,TRX1187,40,50000,100,1,50000
FW1188,TRX1188,0,50000,100,0,0
FW1189,TRX1189,0,50000,100,0,0
FW1190,TRX1190,0,50000,100,0,0
FW1191,TRX1191,0,50000,100,0,0
FW1192,TRX1192,0,50000,100,0,0
FW1193,TRX1193,0,50000,100,0,0
FW1194,TRX1194,0,50000,100,0,0
FW1195,TRX1195,0,50000,100,0,0
FW1196,TRX1196,310,50000,100,4,200000
FW1197,TRX1197,250,50000,100,3,150000
FW1198,TRX1198,0,50000,100,0,0
FW1199,TRX1199,20,50000,100,1,50000
FW1200,TRX1200,190,50000,100,2,100000
FW1201,TRX1201,210,50000,100,3,150000
FW1202,TRX1202,0,50000,100,0,0
FW1203,TRX1203,0,50000,100,0,0
FW1204,TRX1204,0,50000,100,0,0
FW1205,TRX1205,100,50000,100,1,50000
FW1206,TRX1206,0,50000,100,0,0
FW1207,TRX1207,0,50000,100,0,0
FW1208,TRX1208,0,50000,100,0,0
FW1209,TRX1209,60,50000,100,1,50000
FW1210,TRX1210,100,50000,100,1,50000
FW1211,TRX1211,60,50000,100,1,50000
FW1212,TRX1212,0,50000,100,0,0
FW1213,TRX1213,0,50000,100,0,0
FW1214,TRX1214,40,50000,100,1,50000
FW1215,TRX1215,240,50000,100,3,150000
FW1216,TRX1216,60,50000,100,1,50000
FW1217,TRX1217,0,50000,100,0,0
FW1218,TRX1218,270,50000,100,3,150000
FW1219,TRX1219,0,50000,100,0,0
FW1220,TRX1220,0,50000,100,0,0
FW1221,TRX1221,50,50000,100,1,50000
FW1222,TRX1222,0,50000,100,0,0
FW1223,TRX1223,340,50000,100,4,200000
FW1224,TRX1224,0,50000,100,0,0
FW1225,TRX1225,270,50000,100,3,150000
FW1226,TRX1226,0,50000,100,0,0
FW1227,TRX1227,0,50000,100,0,0
FW1228,TRX1228,0,50000,100,0,0
FW1229,TRX1229,0,50000,100,0,0
FW1230,TRX1230,30,50000,100,1,50000
FW1231,TRX1231,0,50000,100,0,0
FW1232,TRX1232,0,50000,100,0,0
FW1233,TRX1233,0,50000,100,0,0
FW1234,TRX1234,0,50000,100,0,0
FW1235,TRX1235,0,50000,100,0,0
FW1236,TRX1236,0,50000,100,0,0
FW1237,TRX1237,0,50000,100,0,0
FW1238,TRX1238,440,50000,100,5,250000
FW1239,TRX1239,0,50000,100,0,0
FW1240,TRX1240,0,50000,100,0,0
FW1241,TRX1241,0,50000,100,0,0
FW1242,TRX1242,0,50000,100,0,0
FW1243,TRX1243,120,50000,100,2,100000
FW1244,TRX1244,0,50000,100,0,0
FW1245,TRX1245,0,50000,100,0,0
FW1246,TRX1246,40,50000,100,1,50000
FW1247,TRX1247,0,50000,100,0,0
FW1248,TRX1248,110,50000,100,2,100000
FW1249,TRX1249,0,50000,100,0,0
FW1250,TRX1250,0,50000,100,0,0
FW1251,TRX1251,0,50000,100,0,0
FW1252,TRX1252,0,50000,100,0,0
FW1253,TRX1253,0,50000,100,0,0
FW1254,TRX1254,0,50000,100,0,0
FW1255,TRX1255,90,50000,100,1,50000
FW1256,TRX1256,60,50000,100,1,50000
FW1257,TRX1257,0,50000,100,0,0
FW1258,TRX1258,100,50000,100,1,50000
FW1259,TRX1259,0,50000,100,0,0
FW1260,TRX1260,270,50000,100,3,150000
FW1261,TRX1261,0,50000,100,0,0
FW1262,TRX1262,260,50000,100,3,150000
FW1263,TRX1263,0,50000,100,0,0
FW1264,TRX1264,240,50000,100,3,150000
FW1265,TRX1265,0,50000,100,0,0
FW1266,TRX1266,150,50000,100,2,100000
FW1267,TRX1267,60,50000,100,1,50000
FW1268,TRX1268,0,50000,100,0,0
FW1269,TRX1269,0,50000,100,0,0
FW1270,TRX1270,0,50000,100,0,0
FW1271,TRX1271,0,50000,100,0,0
FW1272,TRX1272,0,50000,100,0,0
FW1273,TRX1273,0,50000,100,0,0
FW1274,TRX1274,0,50000,100,0,0
FW1275,TRX1275,0,50000,100,0,0
FW1276,TRX1276,30,50000,100,1,50000
FW1277,TRX1277,0,50000,100,0,0
FW1278,TRX1278,450,50000,100,5,250000
FW1279,TRX1279,60,50000,100,1,50000
FW1280,TRX1280,310,50000,100,4,200000
FW1281,TRX1281,0,50000,100,0,0
FW1282,TRX1282,180,50000,100,2,100000
FW1283,TRX1283,0,50000,100,0,0
FW1284,TRX1284,110,50000,100,2,100000
FW1285,TRX1285,0,50000,100,0,0
FW1286,TRX1286,0,50000,100,0,0
FW1287,TRX1287,350,50000,100,4,200000
FW1288,TRX1288,0,50000,100,0,0
FW1289,TRX1289,0,50000,100,0,0
FW1290,TRX1290,0,50000,100,0,0
FW1291,TRX1291,0,50000,100,0,0
FW1292,TRX1292,0,50000,100,0,0
FW1293,TRX1293,0,50000,100,0,0
FW1294,TRX1294,0,50000,100,0,0
FW1295,TRX1295,0,50000,100,0,0
FW1296,TRX1296,0,50000,100,0,0
FW1297,TRX1297,0,50000,100,0,0
FW1298,TRX1298,0,50000,100,0,0
FW1299,TRX1299,0,50000,100,0,0
FW1300,TRX1300,0,50000,100,0,0
FW1301,TRX1301,0,50000,100,0,0
FW1302,TRX1302,40,50000,100,1,50000
FW1303,TRX1303,0,50000,100,0,0
FW1304,TRX1304,0,50000,100,0,0
FW1305,TRX1305,0,50000,100,0,0
FW1306,TRX1306,0,50000,100,0,0
FW1307,TRX1307,0,50000,100,0,0
FW1308,TRX1308,40,50000,100,1,50000
FW1309,TRX1309,0,50000,100,0,0
FW1310,TRX1310,0,50000,100,0,0
FW1311,TRX1311,280,50000,100,3,150000
FW1312,TRX1312,60,50000,100,1,50000
FW1313,TRX1313,230,50000,100,3,150000
FW1314,TRX1314,0,50000,100,0,0
FW1315,TRX1315,0,50000,100,0,0
FW1316,TRX1316,0,50000,100,0,0
FW1317,TRX1317,250,50000,100,3,150000
FW1318,TRX1318,0,50000,100,0,0
FW1319,TRX1319,0,50000,100,0,0
FW1320,TRX1320,0,50000,100,0,0
FW1321,TRX1321,660,50000,100,7,350000
FW1322,TRX1322,0,50000,100,0,0
FW1323,TRX1323,0,50000,100,0,0
FW1324,TRX1324,0,50000,100,0,0
FW1325,TRX1325,0,50000,100,0,0
FW1326,TRX1326,0,50000,100,0,0
FW1327,TRX1327,0,50000,100,0,0
FW1328,TRX1328,370,50000,100,4,200000
FW1329,TRX1329,0,50000,100,0,0
FW1330,TRX1330,0,50000,100,0,0
FW1331,TRX1331,0,50000,100,0,0
FW1332,TRX1332,60,50000,100,1,50000
FW1333,TRX1333,110,50000,100,2,100000
FW1334,TRX1334,110,50000,100,2,100000
FW1335,TRX1335,150,50000,100,2,100000
FW1336,TRX1336,110,50000,100,2,100000
FW1337,TRX1337,0,50000,100,0,0
FW1338,TRX1338,140,50000,100,2,100000
FW1339,TRX1339,140,50000,100,2,100000
FW1340,TRX1340,0,50000,100,0,0
FW1341,TRX1341,50,50000,100,1,50000
FW1342,TRX1342,40,50000,100,1,50000
FW1343,TRX1343,0,50000,100,0,0
FW1344,TRX1344,0,50000,100,0,0
FW1345,TRX1345,0,50000,100,0,0
FW1346,TRX1346,0,50000,100,0,0
FW1347,TRX1347,0,50000,100,0,0
FW1348,TRX1348,340,50000,100,4,200000
FW1349,TRX1349,0,50000,100,0,0
FW1350,TRX1350,0,50000,100,0,0
FW1351,TRX1351,110,50000,100,2,100000
FW1352,TRX1352,110,50000,100,2,100000
FW1353,TRX1353,290,50000,100,3,150000
FW1354,TRX1354,0,50000,100,0,0
FW1355,TRX1355,0,50000,100,0,0
FW1356,TRX1356,40,50000,100,1,50000
FW1357,TRX1357,0,50000,100,0,0
FW1358,TRX1358,0,50000,100,0,0
FW1359,TRX1359,0,50000,100,0,0
FW1360,TRX1360,0,50000,100,0,0
FW1361,TRX1361,60,50000,100,1,50000
FW1362,TRX1362,0,50000,100,0,0
FW1363,TRX1363,0,50000,100,0,0
FW1364,TRX1364,0,50000,100,0,0
FW1365,TRX1365,0,50000,100,0,0
FW1366,TRX1366,0,50000,100,0,0
FW1367,TRX1367,0,50000,100,0,0
FW1368,TRX1368,0,50000,100,0,0
FW1369,TRX1369,90,50000,100,1,50000
FW1370,TRX1370,0,50000,100,0,0
FW1371,TRX1371,0,50000,100,0,0
FW1372,TRX1372,0,50000,100,0,0
FW1373,TRX1373,0,50000,100,0,0
FW1374,TRX1374,0,50000,100,0,0
FW1375,TRX1375,0,50000,100,0,0
FW1376,TRX1376,0,50000,100,0,0
FW1377,TRX1377,0,50000,100,0,0
FW1378,TRX1378,60,50000,100,1,50000
FW1379,TRX1379,50,50000,100,1,50000
FW1380,TRX1380,110,50000,100,2,100000
FW1381,TRX1381,150,50000,100,2,100000
FW1382,TRX1382,0,50000,100,0,0
FW1383,TRX1383,0,50000,100,0,0
FW1384,TRX1384,110,50000,100,2,100000
FW1385,TRX1385,0,50000,100,0,0
FW1386,TRX1386,0,50000,100,0,0
FW1387,TRX1387,0,50000,100,0,0
FW1388,TRX1388,0,50000,100,0,0
FW1389,TRX1389,70,50000,100,1,50000
FW1390,TRX1390,0,50000,100,0,0
FW1391,TRX1391,180,50000,100,2,100000
FW1392,TRX1392,40,50000,100,1,50000
FW1393,TRX1393,0,50000,100,0,0
FW1394,TRX1394,0,50000,100,0,0
FW1395,TRX1395,0,50000,100,0,0
FW1396,TRX1396,0,50000,100,0,0
FW1397,TRX1397,0,50000,100,0,0
FW1398,TRX1398,0,50000,100,0,0
FW1399,TRX1399,260,50000,100,3,150000
FW1400,TRX1400,180,50000,100,2,100000
FW1401,TRX1401,230,50000,100,3,150000
FW1402,TRX1402,0,50000,100,0,0
FW1403,TRX1403,0,50000,100,0,0
FW1404,TRX1404,0,50000,100,0,0
FW1405,TRX1405,20,50000,100,1,50000
FW1406,TRX1406,530,50000,100,6,300000
FW1407,TRX1407,220,50000,100,3,150000
FW1408,TRX1408,0,50000,100,0,0
FW1409,TRX1409,0,50000,100,0,0
FW1410,TRX1410,70,50000,100,1,50000
FW1411,TRX1411,0,50000,100,0,0
FW1412,TRX1412,70,50000,100,1,50000
FW1413,TRX1413,0,50000,100,0,0
FW1414,TRX1414,0,50000,100,0,0
FW1415,TRX1415,140,50000,100,2,100000
FW1416,TRX1416,0,50000,100,0,0
FW1417,TRX1417,70,50000,100,1,50000
FW1418,TRX1418,0,50000,100,0,0
FW1419,TRX1419,0,50000,100,0,0
FW1420,TRX1420,0,50000,100,0,0
FW1421,TRX1421,0,50000,100,0,0
FW1422,TRX1422,100,50000,100,1,50000
FW1423,TRX1423,0,50000,100,0,0
FW1424,TRX1424,0,50000,100,0,0
FW1425,TRX1425,0,50000,100,0,0
FW1426,TRX1426,0,50000,100,0,0
FW1427,TRX1427,0,50000,100,0,0
FW1428,TRX1428,0,50000,100,0,0
FW1429,TRX1429,0,50000,100,0,0
FW1430,TRX1430,0,50000,100,0,0
FW1431,TRX1431,70,50000,100,1,50000
FW1432,TRX1432,340,50000,100,4,200000
FW1433,TRX1433,0,50000,100,0,0
FW1434,TRX1434,0,50000,100,0,0
FW1435,TRX1435,0,50000,100,0,0
FW1436,TRX1436,60,50000,100,1,50000
FW1437,TRX1437,40,50000,100,1,50000
FW1438,TRX1438,0,50000,100,0,0
FW1439,TRX1439,0,50000,100,0,0
FW1440,TRX1440,90,50000,100,1,50000
FW1441,TRX1441,0,50000,100,0,0
FW1442,TRX1442,0,50000,100,0,0
FW1443,TRX1443,0,50000,100,0,0
FW1444,TRX1444,0,50000,100,0,0
FW1445,TRX1445,0,50000,100,0,0
FW1446,TRX1446,0,50000,100,0,0
FW1447,TRX1447,40,50000,100,1,50000
FW1448,TRX1448,100,50000,100,1,50000
FW1449,TRX1449,0,50000,100,0,0
FW1450,TRX1450,0,50000,100,0,0
FW1451,TRX1451,0,50000,100,0,0
FW1452,TRX1452,0,50000,100,0,0
FW1453,TRX1453,0,50000,100,0,0
FW1454,TRX1454,0,50000,100,0,0
FW1455,TRX1455,110,50000,100,2,100000
FW1456,TRX1456,0,50000,100,0,0
FW1457,TRX1457,580,50000,100,6,300000
FW1458,TRX1458,0,50000,100,0,0
FW1459,TRX1459,0,50000,100,0,0
FW1460,TRX1460,0,50000,100,0,0
FW1461,TRX1461,0,50000,100,0,0
FW1462,TRX1462,0,50000,100,0,0
FW1463,TRX1463,0,50000,100,0,0
FW1464,TRX1464,40,50000,100,1,50000
FW1465,TRX1465,0,50000,100,0,0
FW1466,TRX1466,0,50000,100,0,0
FW1467,TRX1467,0,50000,100,0,0
FW1468,TRX1468,270,50000,100,3,150000
FW1469,TRX1469,0,50000,100,0,0
FW1470,TRX1470,110,50000,100,2,100000
FW1471,TRX1471,150,50000,100,2,100000
FW1472,TRX1472,0,50000,100,0,0
FW1473,TRX1473,0,50000,100,0,0
FW1474,TRX1474,0,50000,100,0,0
FW1475,TRX1475,0,50000,100,0,0
FW1476,TRX1476,0,50000,100,0,0
FW1477,TRX1477,90,50000,100,1,50000
FW1478,TRX1478,0,50000,100,0,0
FW1479,TRX1479,290,50000,100,3,150000
FW1480,TRX1480,50,50000,100,1,50000
FW1481,TRX1481,360,50000,100,4,200000
FW1482,TRX1482,0,50000,100,0,0
FW1483,TRX1483,30,50000,100,1,50000
FW1484,TRX1484,0,50000,100,0,0
FW1485,TRX1485,130,50000,100,2,100000
FW1486,TRX1486,180,50000,100,2,100000
FW1487,TRX1487,0,50000,100,0,0
FW1488,TRX1488,30,50000,100,1,50000
FW1489,TRX1489,0,50000,100,0,0
FW1490,TRX1490,0,50000,100,0,0
FW1491,TRX1491,0,50000,100,0,0
FW1492,TRX1492,0,50000,100,0,0
FW1493,TRX1493,0,50000,100,0,0
FW1494,TRX1494,0,50000,100,0,0
FW1495,TRX1495,0,50000,100,0,0
FW1496,TRX1496,0,50000,100,0,0
FW1497,TRX1497,0,50000,100,0,0
FW1498,TRX1498,110,50000,100,2,100000
FW1499,TRX1499,0,50000,100,0,0
FW1500,TRX1500,90,50000,100,1,50000
FW1501,TRX1501,160,50000,100,2,100000
FW1502,TRX1502,120,50000,100,2,100000
FW1503,TRX1503,100,50000,100,1,50000
FW1504,TRX1504,230,50000,100,3,150000
FW1505,TRX1505,0,50000,100,0,0
FW1506,TRX1506,380,50000,100,4,200000
FW1507,TRX1507,0,50000,100,0,0
FW1508,TRX1508,120,50000,100,2,100000
FW1509,TRX1509,0,50000,100,0,0
FW1510,TRX1510,0,50000,100,0,0
FW1511,TRX1511,0,50000,100,0,0
FW1512,TRX1512,230,50000,100,3,150000
FW1513,TRX1513,0,50000,100,0,0
FW1514,TRX1514,0,50000,100,0,0
FW1515,TRX1515,0,50000,100,0,0
FW1516,TRX1516,0,50000,100,0,0
FW1517,TRX1517,0,50000,100,0,0
FW1518,TRX1518,0,50000,100,0,0
FW1519,TRX1519,0,50000,100,0,0
FW1520,TRX1520,20,50000,100,1,50000
FW1521,TRX1521,0,50000,100,0,0
FW1522,TRX1522,0,50000,100,0,0
FW1523,TRX1523,410,50000,100,5,250000
FW1524,TRX1524,0,50000,100,0,0
FW1525,TRX1525,120,50000,100,2,100000
FW1526,TRX1526,0,50000,100,0,0
FW1527,TRX1527,40,50000,100,1,50000
FW1528,TRX1528,0,50000,100,0,0
FW1529,TRX1529,90,50000,100,1,50000
FW1530,TRX1530,100,50000,100,1,50000
FW1531,TRX1531,0,50000,100,0,0
FW1532,TRX1532,0,50000,100,0,0
FW1533,TRX1533,0,50000,100,0,0
FW1534,TRX1534,50,50000,100,1,50000
FW1535,TRX1535,0,50000,100,0,0
FW1536,TRX1536,20,50000,100,1,50000
FW1537,TRX1537,0,50000,100,0,0
FW1538,TRX1538,0,50000,100,0,0
FW1539,TRX1539,0,50000,100,0,0
FW1540,TRX1540,0,50000,100,0,0
FW1541,TRX1541,0,50000,100,0,0
FW1542,TRX1542,40,50000,100,1,50000
FW1543,TRX1543,480,50000,100,5,250000
FW1544,TRX1544,200,50000,100,2,100000
FW1545,TRX1545,250,50000,100,3,150000
FW1546,TRX1546,0,50000,100,0,0
FW1547,TRX1547,0,50000,100,0,0
FW1548,TRX1548,200,50000,100,2,100000
FW1549,TRX1549,0,50000,100,0,0
FW1550,TRX1550,0,50000,100,0,0
FW1551,TRX1551,0,50000,100,0,0
FW1552,TRX1552,0,50000,100,0,0
FW1553,TRX1553,0,50000,100,0,0
FW1554,TRX1554,120,50000,100,2,100000
FW1555,TRX1555,0,50000,100,0,0
FW1556,TRX1556,200,50000,100,2,100000
FW1557,TRX1557,60,50000,100,1,50000
FW1558,TRX1558,110,50000,100,2,100000
FW1559,TRX1559,0,50000,100,0,0
FW1560,TRX1560,70,50000,100,1,50000
FW1561,TRX1561,0,50000,100,0,0
FW1562,TRX1562,60,50000,100,1,50000
FW1563,TRX1563,300,50000,100,3,150000
FW1564,TRX1564,50,50000,100,1,50000
FW1565,TRX1565,0,50000,100,0,0
FW1566,TRX1566,0,50000,100,0,0
FW1567,TRX1567,0,50000,100,0,0
FW1568,TRX1568,0,50000,100,0,0
FW1569,TRX1569,0,50000,100,0,0
FW1570,TRX1570,0,50000,100,0,0
FW1571,TRX1571,0,50000,100,0,0
FW1572,TRX1572,0,50000,100,0,0
FW1573,TRX1573,110,50000,100,2,100000
FW1574,TRX1574,80,50000,100,1,50000
FW1575,TRX1575,60,50000,100,1,50000
FW1576,TRX1576,180,50000,100,2,100000
FW1577,TRX1577,0,50000,100,0,0
FW1578,TRX1578,140,50000,100,2,100000
FW1579,TRX1579,130,50000,100,2,100000
FW1580,TRX1580,70,50000,100,1,50000
FW1581,TRX1581,150,50000,100,2,100000
FW1582,TRX1582,170,50000,100,2,100000
FW1583,TRX1583,0,50000,100,0,0
FW1584,TRX1584,0,50000,100,0,0
FW1585,TRX1585,0,50000,100,0,0
FW1586,TRX1586,0,50000,100,0,0
FW1587,TRX1587,0,50000,100,0,0
FW1588,TRX1588,0,50000,100,0,0
FW1589,TRX1589,60,50000,100,1,50000
FW1590,TRX1590,60,50000,100,1,50000
FW1591,TRX1591,0,50000,100,0,0
FW1592,TRX1592,0,50000,100,0,0
FW1593,TRX1593,0,50000,100,0,0
FW1594,TRX1594,0,50000,100,0,0
FW1595,TRX1595,0,50000,100,0,0
FW1596,TRX1596,80,50000,100,1,50000
FW1597,TRX1597,280,50000,100,3,150000
FW1598,TRX1598,0,50000,100,0,0
FW1599,TRX1599,50,50000,100,1,50000
FW1600,TRX1600,0,50000,100,0,0
FW1601,TRX1601,0,50000,100,0,0
FW1602,TRX1602,180,50000,100,2,100000
FW1603,TRX1603,0,50000,100,0,0
FW1604,TRX1604,0,50000,100,0,0
FW1605,TRX1605,0,50000,100,0,0
FW1606,TRX1606,0,50000,100,0,0
FW1607,TRX1607,0,50000,100,0,0
FW1608,TRX1608,0,50000,100,0,0
FW1609,TRX1609,0,50000,100,0,0
FW1610,TRX1610,0,50000,100,0,0
FW1611,TRX1611,0,50000,100,0,0
FW1612,TRX1612,0,50000,100,0,0
FW1613,TRX1613,0,50000,100,0,0
FW1614,TRX1614,0,50000,100,0,0
FW1615,TRX1615,490,50000,100,5,250000
FW1616,TRX1616,0,50000,100,0,0
FW1617,TRX1617,0,50000,100,0,0
FW1618,TRX1618,160,50000,100,2,100000
FW1619,TRX1619,0,50000,100,0,0
FW1620,TRX1620,80,50000,100,1,50000
FW1621,TRX1621,0,50000,100,0,0
FW1622,TRX1622,1500,50000,100,15,750000
FW1623,TRX1623,0,50000,100,0,0
FW1624,TRX1624,0,50000,100,0,0
FW1625,TRX1625,0,50000,100,0,0
FW1626,TRX1626,200,50000,100,2,100000
FW1627,TRX1627,0,50000,100,0,0
FW1628,TRX1628,70,50000,100,1,50000
FW1629,TRX1629,0,50000,100,0,0
FW1630,TRX1630,0,50000,100,0,0
FW1631,TRX1631,60,50000,100,1,50000
FW1632,TRX1632,80,50000,100,1,50000
FW1633,TRX1633,0,50000,100,0,0
FW1634,TRX1634,0,50000,100,0,0
FW1635,TRX1635,0,50000,100,0,0
FW1636,TRX1636,0,50000,100,0,0
FW1637,TRX1637,130,50000,100,2,100000
FW1638,TRX1638,0,50000,100,0,0
FW1639,TRX1639,0,50000,100,0,0
FW1640,TRX1640,0,50000,100,0,0
FW1641,TRX1641,0,50000,100,0,0
FW1642,TRX1642,0,50000,100,0,0
FW1643,TRX1643,0,50000,100,0,0
FW1644,TRX1644,0,50000,100,0,0
FW1645,TRX1645,0,50000,100,0,0
FW1646,TRX1646,0,50000,100,0,0
FW1647,TRX1647,0,50000,100,0,0
FW1648,TRX1648,110,50000,100,2,100000
FW1649,TRX1649,0,50000,100,0,0
FW1650,TRX1650,90,50000,100,1,50000
FW1651,TRX1651,200,50000,100,2,100000
FW1652,TRX1652,0,50000,100,0,0
FW1653,TRX1653,40,50000,100,1,50000
FW1654,TRX1654,0,50000,100,0,0
FW1655,TRX1655,190,50000,100,2,100000
FW1656,TRX1656,0,50000,100,0,0
FW1657,TRX1657,130,50000,100,2,100000
FW1658,TRX1658,0,50000,100,0,0
FW1659,TRX1659,50,50000,100,1,50000
FW1660,TRX1660,0,50000,100,0,0
FW1661,TRX1661,0,50000,100,0,0
FW1662,TRX1662,0,50000,100,0,0
FW1663,TRX1663,0,50000,100,0,0
FW1664,TRX1664,0,50000,100,0,0
FW1665,TRX1665,80,50000,100,1,50000
FW1666,TRX1666,0,50000,100,0,0
FW1667,TRX1667,0,50000,100,0,0
FW1668,TRX1668,40,50000,100,1,50000
FW1669,TRX1669,0,50000,100,0,0
FW1670,TRX1670,110,50000,100,2,100000
FW1671,TRX1671,0,50000,100,0,0
FW1672,TRX1672,90,50000,100,1,50000
FW1673,TRX1673,0,50000,100,0,0
FW1674,TRX1674,0,50000,100,0,0
FW1675,TRX1675,0,50000,100,0,0
FW1676,TRX1676,0,50000,100,0,0
FW1677,TRX1677,0,50000,100,0,0
FW1678,TRX1678,30,50000,100,1,50000
FW1679,TRX1679,0,50000,100,0,0
FW1680,TRX1680,0,50000,100,0,0
FW1681,TRX1681,0,50000,100,0,0
FW1682,TRX1682,230,50000,100,3,150000
FW1683,TRX1683,0,50000,100,0,0
FW1684,TRX1684,0,50000,100,0,0
FW1685,TRX1685,230,50000,100,3,150000
FW1686,TRX1686,0,50000,100,0,0
FW1687,TRX1687,40,50000,100,1,50000
FW1688,TRX1688,0,50000,100,0,0
FW1689,TRX1689,40,50000,100,1,50000
FW1690,TRX1690,0,50000,100,0,0
FW1691,TRX1691,0,50000,100,0,0
FW1692,TRX1692,0,50000,100,0,0
FW1693,TRX1693,130,50000,100,2,100000
FW1694,TRX1694,20,50000,100,1,50000
FW1695,TRX1695,160,50000,100,2,100000
FW1696,TRX1696,260,50000,100,3,150000
FW1697,TRX1697,90,50000,100,1,50000
FW1698,TRX1698,0,50000,100,0,0
FW1699,TRX1699,0,50000,100,0,0
FW1700,TRX1700,0,50000,100,0,0
FW1701,TRX1701,160,50000,100,2,100000
FW1702,TRX1702,70,50000,100,1,50000
FW1703,TRX1703,220,50000,100,3,150000
FW1704,TRX1704,0,50000,100,0,0
FW1705,TRX1705,90,50000,100,1,50000
FW1706,TRX1706,0,50000,100,0,0
FW1707,TRX1707,0,50000,100,0,0
FW1708,TRX1708,0,50000,100,0,0
FW1709,TRX1709,0,50000,100,0,0
FW1710,TRX1710,110,50000,100,2,100000
FW1711,TRX1711,140,50000,100,2,100000
FW1712,TRX1712,30,50000,100,1,50000
FW1713,TRX1713,40,50000,100,1,50000
FW1714,TRX1714,0,50000,100,0,0
FW1715,TRX1715,270,50000,100,3,150000
FW1716,TRX1716,130,50000,100,2,100000
FW1717,TRX1717,30,50000,100,1,50000
FW1718,TRX1718,0,50000,100,0,0
FW1719,TRX1719,0,50000,100,0,0
FW1720,TRX1720,0,50000,100,0,0
FW1721,TRX1721,250,50000,100,3,150000
FW1722,TRX1722,110,50000,100,2,100000
FW1723,TRX1723,0,50000,100,0,0
FW1724,TRX1724,0,50000,100,0,0
FW1725,TRX1725,160,50000,100,2,100000
FW1726,TRX1726,0,50000,100,0,0
FW1727,TRX1727,0,50000,100,0,0
FW1728,TRX1728,0,50000,100,0,0
FW1729,TRX1729,160,50000,100,2,100000
FW1730,TRX1730,0,50000,100,0,0
FW1731,TRX1731,0,50000,100,0,0
FW1732,TRX1732,0,50000,100,0,0
FW1733,TRX1733,90,50000,100,1,50000
FW1734,TRX1734,0,50000,100,0,0
FW1735,TRX1735,140,50000,100,2,100000
FW1736,TRX1736,0,50000,100,0,0
FW1737,TRX1737,0,50000,100,0,0
FW1738,TRX1738,50,50000,100,1,50000
FW1739,TRX1739,0,50000,100,0,0
FW1740,TRX1740,0,50000,100,0,0
FW1741,TRX1741,0,50000,100,0,0
FW1742,TRX1742,0,50000,100,0,0
FW1743,TRX1743,0,50000,100,0,0
FW1744,TRX1744,0,50000,100,0,0
FW1745,TRX1745,380,50000,100,4,200000
FW1746,TRX1746,70,50000,100,1,50000
FW1747,TRX1747,0,50000,100,0,0
FW1748,TRX1748,0,50000,100,0,0
FW1749,TRX1749,0,50000,100,0,0
FW1750,TRX1750,0,50000,100,0,0
FW1751,TRX1751,0,50000,100,0,0
FW1752,TRX1752,50,50000,100,1,50000
FW1753,TRX1753,0,50000,100,0,0
FW1754,TRX1754,0,50000,100,0,0
FW1755,TRX1755,0,50000,100,0,0
FW1756,TRX1756,130,50000,100,2,100000
FW1757,TRX1757,140,50000,100,2,100000
FW1758,TRX1758,60,50000,100,1,50000
FW1759,TRX1759,50,50000,100,1,50000
FW1760,TRX1760,60,50000,100,1,50000
FW1761,TRX1761,450,50000,100,5,250000
FW1762,TRX1762,80,50000,100,1,50000
FW1763,TRX1763,0,50000,100,0,0
FW1764,TRX1764,0,50000,100,0,0
FW1765,TRX1765,0,50000,100,0,0
FW1766,TRX1766,0,50000,100,0,0
FW1767,TRX1767,120,50000,100,2,100000
FW1768,TRX1768,460,50000,100,5,250000
FW1769,TRX1769,0,50000,100,0,0
FW1770,TRX1770,0,50000,100,0,0
FW1771,TRX1771,0,50000,100,0,0
FW1772,TRX1772,0,50000,100,0,0
FW1773,TRX1773,490,50000,100,5,250000
FW1774,TRX1774,320,50000,100,4,200000
FW1775,TRX1775,0,50000,100,0,0
FW1776,TRX1776,0,50000,100,0,0
FW1777,TRX1777,0,50000,100,0,0
FW1778,TRX1778,70,50000,100,1,50000
FW1779,TRX1779,0,50000,100,0,0
FW1780,TRX1780,0,50000,100,0,0
FW1781,TRX1781,130,50000,100,2,100000
FW1782,TRX1782,0,50000,100,0,0
FW1783,TRX1783,0,50000,100,0,0
FW1784,TRX1784,0,50000,100,0,0
FW1785,TRX1785,0,50000,100,0,0
FW1786,TRX1786,100,50000,100,1,50000
FW1787,TRX1787,40,50000,100,1,50000
FW1788,TRX1788,0,50000,100,0,0
FW1789,TRX1789,0,50000,100,0,0
FW1790,TRX1790,130,50000,100,2,100000
FW1791,TRX1791,110,50000,100,2,100000
FW1792,TRX1792,100,50000,100,1,50000
FW1793,TRX1793,0,50000,100,0,0
FW1794,TRX1794,40,50000,100,1,50000
FW1795,TRX1795,280,50000,100,3,150000
FW1796,TRX1796,100,50000,100,1,50000
FW1797,TRX1797,0,50000,100,0,0
FW1798,TRX1798,150,50000,100,2,100000
FW1799,TRX1799,570,50000,100,6,300000
FW1800,TRX1800,0,50000,100,0,0
FW1801,TRX1801,260,50000,100,3,150000
FW1802,TRX1802,0,50000,100,0,0
FW1803,TRX1803,0,50000,100,0,0
FW1804,TRX1804,0,50000,100,0,0
FW1805,TRX1805,40,50000,100,1,50000
FW1806,TRX1806,160,50000,100,2,100000
FW1807,TRX1807,0,50000,100,0,0
FW1808,TRX1808,0,50000,100,0,0
FW1809,TRX1809,0,50000,100,0,0
FW1810,TRX1810,0,50000,100,0,0
FW1811,TRX1811,0,50000,100,0,0
FW1812,TRX1812,0,50000,100,0,0
FW1813,TRX1813,200,50000,100,2,100000
FW1814,TRX1814,0,50000,100,0,0
FW1815,TRX1815,80,50000,100,1,50000
FW1816,TRX1816,0,50000,100,0,0
FW1817,TRX1817,40,50000,100,1,50000
FW1818,TRX1818,0,50000,100,0,0
FW1819,TRX1819,0,50000,100,0,0
FW1820,TRX1820,0,50000,100,0,0
FW1821,TRX1821,0,50000,100,0,0
FW1822,TRX1822,0,50000,100,0,0
FW1823,TRX1823,170,50000,100,2,100000
FW1824,TRX1824,0,50000,100,0,0
FW1825,TRX1825,180,50000,100,2,100000
FW1826,TRX1826,120,50000,100,2,100000
FW1827,TRX1827,0,50000,100,0,0
FW1828,TRX1828,140,50000,100,2,100000
FW1829,TRX1829,80,50000,100,1,50000
FW1830,TRX1830,40,50000,100,1,50000
FW1831,TRX1831,0,50000,100,0,0
FW1832,TRX1832,0,50000,100,0,0
FW1833,TRX1833,0,50000,100,0,0
FW1834,TRX1834,0,50000,100,0,0
FW1835,TRX1835,130,50000,100,2,100000
FW1836,TRX1836,0,50000,100,0,0
FW1837,TRX1837,0,50000,100,0,0
FW1838,TRX1838,90,50000,100,1,50000
FW1839,TRX1839,110,50000,100,2,100000
FW1840,TRX1840,0,50000,100,0,0
FW1841,TRX1841,80,50000,100,1,50000
FW1842,TRX1842,50,50000,100,1,50000
FW1843,TRX1843,0,50000,100,0,0
FW1844,TRX1844,0,50000,100,0,0
FW1845,TRX1845,0,50000,100,0,0
FW1846,TRX1846,0,50000,100,0,0
FW1847,TRX1847,0,50000,100,0,0
FW1848,TRX1848,0,50000,100,0,0
FW1849,TRX1849,0,50000,100,0,0
FW1850,TRX1850,140,50000,100,2,100000
FW1851,TRX1851,260,50000,100,3,150000
FW1852,TRX1852,40,50000,100,1,50000
FW1853,TRX1853,100,50000,100,1,50000
FW1854,TRX1854,0,50000,100,0,0
FW1855,TRX1855,0,50000,100,0,0
FW1856,TRX1856,60,50000,100,1,50000
FW1857,TRX1857,0,50000,100,0,0
FW1858,TRX1858,0,50000,100,0,0
FW1859,TRX1859,0,50000,100,0,0
FW1860,TRX1860,0,50000,100,0,0
FW1861,TRX1861,0,50000,100,0,0
FW1862,TRX1862,160,50000,100,2,100000
FW1863,TRX1863,160,50000,100,2,100000
FW1864,TRX1864,0,50000,100,0,0
FW1865,TRX1865,180,50000,100,2,100000
FW1866,TRX1866,50,50000,100,1,50000
FW1867,TRX1867,0,50000,100,0,0
FW1868,TRX1868,0,50000,100,0,0
FW1869,TRX1869,190,50000,100,2,100000
FW1870,TRX1870,20,50000,100,1,50000
FW1871,TRX1871,40,50000,100,1,50000
FW1872,TRX1872,0,50000,100,0,0
FW1873,TRX1873,0,50000,100,0,0
FW1874,TRX1874,0,50000,100,0,0
FW1875,TRX1875,0,50000,100,0,0
FW1876,TRX1876,0,50000,100,0,0
FW1877,TRX1877,0,50000,100,0,0
FW1878,TRX1878,0,50000,100,0,0
FW1879,TRX1879,0,50000,100,0,0
FW1880,TRX1880,10,50000,100,1,50000
FW1881,TRX1881,60,50000,100,1,50000
FW1882,TRX1882,0,50000,100,0,0
FW1883,TRX1883,170,50000,100,2,100000
FW1884,TRX1884,140,50000,100,2,100000
FW1885,TRX1885,40,50000,100,1,50000
FW1886,TRX1886,0,50000,100,0,0
FW1887,TRX1887,0,50000,100,0,0
FW1888,TRX1888,0,50000,100,0,0
FW1889,TRX1889,0,50000,100,0,0
FW1890,TRX1890,110,50000,100,2,100000
FW1891,TRX1891,0,50000,100,0,0
FW1892,TRX1892,80,50000,100,1,50000
FW1893,TRX1893,0,50000,100,0,0
FW1894,TRX1894,0,50000,100,0,0
FW1895,TRX1895,180,50000,100,2,100000
FW1896,TRX1896,0,50000,100,0,0
FW1897,TRX1897,70,50000,100,1,50000
FW1898,TRX1898,0,50000,100,0,0
FW1899,TRX1899,0,50000,100,0,0
FW1900,TRX1900,0,50000,100,0,0
FW1901,TRX1901,0,50000,100,0,0
FW1902,TRX1902,0,50000,100,0,0
FW1903,TRX1903,0,50000,100,0,0
FW1904,TRX1904,0,50000,100,0,0
FW1905,TRX1905,200,50000,100,2,100000
FW1906,TRX1906,0,50000,100,0,0
FW1907,TRX1907,20,50000,100,1,50000
FW1908,TRX1908,0,50000,100,0,0
FW1909,TRX1909,0,50000,100,0,0
FW1910,TRX1910,0,50000,100,0,0
FW1911,TRX1911,0,50000,100,0,0
FW1912,TRX1912,0,50000,100,0,0
FW1913,TRX1913,0,50000,100,0,0
FW1914,TRX1914,0,50000,100,0,0
FW1915,TRX1915,300,50000,100,3,150000
