id_meja,kapasitas,area,lantai,status
T01,2,Indoor,1,Tersedia
T02,2,Indoor,1,Tersedia
T03,2,Indoor,1,Tersedia
T04,2,Indoor,1,Tersedia
T05,2,Indoor,1,Tersedia
T06,4,Indoor,1,Tersedia
T07,4,Indoor,1,Tersedia
T08,4,Indoor,1,Tersedia
T09,4,Indoor,1,Tersedia
T10,4,Indoor,1,Tersedia
T11,4,Indoor,1,Tersedia
T12,4,Indoor,1,Tersedia
T13,4,Outdoor,1,Tersedia
T14,4,Outdoor,1,Tersedia
T15,4,Outdoor,1,Tersedia
T16,4,Outdoor,1,Tersedia
T17,6,Outdoor,1,Tersedia
T18,6,Outdoor,1,Tersedia
T19,4,Indoor,2,Tersedia
T20,4,Indoor,2,Tersedia
T21,4,Indoor,2,Tersedia
T22,4,Indoor,2,Tersedia
T23,6,Indoor,2,Tersedia
T24,6,Indoor,2,Tersedia
T25,6,Indoor,2,Tersedia
T26,6,Indoor,2,Tersedia
T27,8,VIP,2,Tersedia
T28,8,VIP,2,Tersedia
T29,10,VIP,2,Tersedia
T30,12,VIP,2,Tersedia
